ISO-10303-21;
HEADER;
/* Generated by software containing ST-Developer
 * from STEP Tools, Inc. (www.steptools.com) 
 */

FILE_DESCRIPTION(
/* description */ ('STEP AP214'),
/* implementation_level */ '2;1');

FILE_NAME(
/* name */ 'Conn_XT30PW-F.step',
/* time_stamp */ '2026-07-25T11:42:45+09:00',
/* author */ (''),
/* organization */ (''),
/* preprocessor_version */ 'ST-DEVELOPER v20.1',
/* originating_system */ 'Autodesk Translation Framework v15.8.0.0',
/* authorisation */ '');

FILE_SCHEMA (('AUTOMOTIVE_DESIGN { 1 0 10303 214 3 1 1 }'));
ENDSEC;

DATA;
#10=MECHANICAL_DESIGN_GEOMETRIC_PRESENTATION_REPRESENTATION('',(#2422,#2423,
#2424,#2425,#2426,#2427,#2428,#2429,#2430,#2431,#2432,#2433,#2434,#2435,
#2436,#2437,#2438,#2439,#2440,#2441,#2442,#2443,#2444,#2445,#2446,#2447,
#2448,#2449,#2450,#2451,#2452,#2453,#2454,#2455,#2456,#2457,#2458,#2459,
#2460,#2461,#2462,#2463,#2464,#2465,#2466,#2467,#2468,#2469,#2470,#2471,
#2472,#2473,#2474,#2475,#2476,#2477,#2478,#2479,#2480,#2481,#2482,#2483,
#2484,#2485,#2486,#2487,#2488,#2489,#2490,#2491,#2492,#2493,#2494,#2495,
#2496,#2497,#2498,#2499,#2500,#2501,#2502,#2503,#2504,#2505,#2506,#2507,
#2508,#2509,#2510,#2511,#2512,#2513,#2514,#2515,#2516,#2517,#2518,#2519,
#2520,#2521,#2522,#2523,#2524,#2525,#2526,#2527,#2528,#2529,#2530,#2531,
#2532,#2533,#2534,#2535,#2536,#2537,#2538,#2539,#2540,#2541,#2542,#2543,
#2544,#2545,#2546,#2547,#2548,#2549,#2550,#2551,#2552,#2553,#2554,#2555,
#2556,#2557,#2558,#2559,#2560,#2561,#2562,#2563,#2564,#2565,#2566,#2567,
#2568,#2569,#2570,#2571,#2572,#2573,#2574,#2575,#2576,#2577,#2578,#2579,
#2580,#2581,#2582,#2583,#2584,#2585),#5074);
#11=SHAPE_REPRESENTATION_RELATIONSHIP('SRR','None',#5081,#12);
#12=ADVANCED_BREP_SHAPE_REPRESENTATION('',(#13),#5073);
#13=MANIFOLD_SOLID_BREP('\X2\30DC30C730A3\X0\1',#2759);
#14=SPHERICAL_SURFACE('',#3054,0.1);
#15=SPHERICAL_SURFACE('',#3058,0.1);
#16=SPHERICAL_SURFACE('',#3079,0.1);
#17=SPHERICAL_SURFACE('',#3081,0.1);
#18=SPHERICAL_SURFACE('',#3085,0.1);
#19=SPHERICAL_SURFACE('',#3088,0.1);
#20=SPHERICAL_SURFACE('',#3109,0.1);
#21=SPHERICAL_SURFACE('',#3112,0.1);
#22=SPHERICAL_SURFACE('',#3114,0.1);
#23=SPHERICAL_SURFACE('',#3116,0.1);
#24=SPHERICAL_SURFACE('',#3135,0.1);
#25=SPHERICAL_SURFACE('',#3137,0.1);
#26=SPHERICAL_SURFACE('',#3139,0.1);
#27=SPHERICAL_SURFACE('',#3150,0.1);
#28=(
BOUNDED_SURFACE()
B_SPLINE_SURFACE(2,2,((#4712,#4713,#4714),(#4715,#4716,#4717),(#4718,#4719,
#4720)),.UNSPECIFIED.,.F.,.F.,.F.)
B_SPLINE_SURFACE_WITH_KNOTS((3,3),(3,3),(-1.5707963267949,0.),(-0.78539816339746,
3.3160292712799E-15),.UNSPECIFIED.)
GEOMETRIC_REPRESENTATION_ITEM()
RATIONAL_B_SPLINE_SURFACE(((1.,0.923879532511284,1.),(0.707106781186555,
0.653281482438193,0.707106781186555),(1.,0.923879532511284,1.)))
REPRESENTATION_ITEM('')
SURFACE()
);
#29=(
BOUNDED_SURFACE()
B_SPLINE_SURFACE(2,2,((#4722,#4723,#4724),(#4725,#4726,#4727),(#4728,#4729,
#4730)),.UNSPECIFIED.,.F.,.F.,.F.)
B_SPLINE_SURFACE_WITH_KNOTS((3,3),(3,3),(-1.5707963267949,0.),(-5.55111512312578E-15,
0.785398163397453),.UNSPECIFIED.)
GEOMETRIC_REPRESENTATION_ITEM()
RATIONAL_B_SPLINE_SURFACE(((1.,0.923879532511285,1.),(0.707106781186555,
0.653281482438194,0.707106781186555),(1.,0.923879532511285,1.)))
REPRESENTATION_ITEM('')
SURFACE()
);
#30=(
BOUNDED_SURFACE()
B_SPLINE_SURFACE(2,2,((#4736,#4737,#4738),(#4739,#4740,#4741),(#4742,#4743,
#4744)),.UNSPECIFIED.,.F.,.F.,.F.)
B_SPLINE_SURFACE_WITH_KNOTS((3,3),(3,3),(-1.5707963267949,0.),(-1.5707963267949,
-0.785398163397441),.UNSPECIFIED.)
GEOMETRIC_REPRESENTATION_ITEM()
RATIONAL_B_SPLINE_SURFACE(((1.,0.923879532511284,1.),(0.707106781186556,
0.653281482438194,0.707106781186556),(1.,0.923879532511284,1.)))
REPRESENTATION_ITEM('')
SURFACE()
);
#31=(
BOUNDED_SURFACE()
B_SPLINE_SURFACE(2,2,((#4752,#4753,#4754),(#4755,#4756,#4757),(#4758,#4759,
#4760)),.UNSPECIFIED.,.F.,.F.,.F.)
B_SPLINE_SURFACE_WITH_KNOTS((3,3),(3,3),(-1.5707963267949,0.),(-2.35619449019235,
-1.57079632679489),.UNSPECIFIED.)
GEOMETRIC_REPRESENTATION_ITEM()
RATIONAL_B_SPLINE_SURFACE(((1.,0.923879532511284,1.),(0.70710678118655,
0.653281482438189,0.70710678118655),(1.,0.923879532511284,1.)))
REPRESENTATION_ITEM('')
SURFACE()
);
#32=(
BOUNDED_SURFACE()
B_SPLINE_SURFACE(2,2,((#4768,#4769,#4770),(#4771,#4772,#4773),(#4774,#4775,
#4776)),.UNSPECIFIED.,.F.,.F.,.F.)
B_SPLINE_SURFACE_WITH_KNOTS((3,3),(3,3),(-1.5707963267949,0.),(-3.14159265358979,
-2.35619449019234),.UNSPECIFIED.)
GEOMETRIC_REPRESENTATION_ITEM()
RATIONAL_B_SPLINE_SURFACE(((1.,0.923879532511285,1.),(0.707106781186537,
0.653281482438177,0.707106781186537),(1.,0.923879532511285,1.)))
REPRESENTATION_ITEM('')
SURFACE()
);
#33=(
BOUNDED_SURFACE()
B_SPLINE_SURFACE(2,2,((#4782,#4783,#4784),(#4785,#4786,#4787),(#4788,#4789,
#4790)),.UNSPECIFIED.,.F.,.F.,.F.)
B_SPLINE_SURFACE_WITH_KNOTS((3,3),(3,3),(-1.5707963267949,0.),(-1.66533453693774E-14,
1.5707963267949),.UNSPECIFIED.)
GEOMETRIC_REPRESENTATION_ITEM()
RATIONAL_B_SPLINE_SURFACE(((1.,0.707106781186539,1.),(0.707106781186553,
0.499999999999998,0.707106781186553),(1.,0.707106781186539,1.)))
REPRESENTATION_ITEM('')
SURFACE()
);
#34=(
BOUNDED_SURFACE()
B_SPLINE_SURFACE(2,2,((#4792,#4793,#4794),(#4795,#4796,#4797),(#4798,#4799,
#4800)),.UNSPECIFIED.,.F.,.F.,.F.)
B_SPLINE_SURFACE_WITH_KNOTS((3,3),(3,3),(-1.5707963267949,0.),(2.35619449019234,
3.1415926535898),.UNSPECIFIED.)
GEOMETRIC_REPRESENTATION_ITEM()
RATIONAL_B_SPLINE_SURFACE(((1.,0.923879532511285,1.),(0.707106781186537,
0.653281482438177,0.707106781186537),(1.,0.923879532511285,1.)))
REPRESENTATION_ITEM('')
SURFACE()
);
#35=(
BOUNDED_SURFACE()
B_SPLINE_SURFACE(2,2,((#4806,#4807,#4808),(#4809,#4810,#4811),(#4812,#4813,
#4814)),.UNSPECIFIED.,.F.,.F.,.F.)
B_SPLINE_SURFACE_WITH_KNOTS((3,3),(3,3),(-1.5707963267949,0.),(1.57079632679489,
3.14159265358981),.UNSPECIFIED.)
GEOMETRIC_REPRESENTATION_ITEM()
RATIONAL_B_SPLINE_SURFACE(((1.,0.707106781186539,1.),(0.707106781186537,
0.499999999999987,0.707106781186537),(1.,0.707106781186539,1.)))
REPRESENTATION_ITEM('')
SURFACE()
);
#36=(
BOUNDED_SURFACE()
B_SPLINE_SURFACE(3,2,((#4913,#4914,#4915),(#4916,#4917,#4918),(#4919,#4920,
#4921),(#4922,#4923,#4924),(#4925,#4926,#4927),(#4928,#4929,#4930),(#4931,
#4932,#4933),(#4934,#4935,#4936),(#4937,#4938,#4939),(#4940,#4941,#4942)),
 .UNSPECIFIED.,.F.,.F.,.F.)
B_SPLINE_SURFACE_WITH_KNOTS((4,2,2,2,4),(3,3),(0.000211389332749036,0.000348080099155408,
0.000484770865561781,0.000621461631968153,0.000758152398374526),(-8.57460917425422E-6,
1.),.UNSPECIFIED.)
GEOMETRIC_REPRESENTATION_ITEM()
RATIONAL_B_SPLINE_SURFACE(((1.00000502293283,0.707104269741667,1.),(1.00000380235783,
0.778278067429009,1.),(1.00000282884462,0.835045273417202,1.),(1.00000147908517,
0.913752035523756,1.),(1.00000110903151,0.935330492375117,1.),(1.0000011061829,
0.935496599544017,1.),(1.00000147443027,0.914023470647652,1.),(1.00000282443829,
0.835302214512115,1.),(1.00000379493848,0.778710702549933,1.),(1.00000502293283,
0.707104269741667,1.)))
REPRESENTATION_ITEM('')
SURFACE()
);
#37=(
BOUNDED_SURFACE()
B_SPLINE_SURFACE(3,2,((#5027,#5028,#5029),(#5030,#5031,#5032),(#5033,#5034,
#5035),(#5036,#5037,#5038),(#5039,#5040,#5041),(#5042,#5043,#5044),(#5045,
#5046,#5047),(#5048,#5049,#5050),(#5051,#5052,#5053),(#5054,#5055,#5056)),
 .UNSPECIFIED.,.F.,.F.,.F.)
B_SPLINE_SURFACE_WITH_KNOTS((4,2,2,2,4),(3,3),(0.000211389332749034,0.000348080099155286,
0.000484770865561538,0.00062146163196779,0.000758152398374042),(-8.57460975621318E-6,
1.),.UNSPECIFIED.)
GEOMETRIC_REPRESENTATION_ITEM()
RATIONAL_B_SPLINE_SURFACE(((1.00000502293317,0.707104269741496,1.),(1.00000380235809,
0.778278067428808,1.),(1.00000282884482,0.835045273417024,1.),(1.00000147908528,
0.913752035523584,1.),(1.00000110903158,0.935330492375032,1.),(1.00000110618297,
0.935496599544037,1.),(1.00000147443037,0.914023470647748,1.),(1.00000282443848,
0.835302214512231,1.),(1.00000379493874,0.778710702550182,1.),(1.00000502293317,
0.707104269741499,1.)))
REPRESENTATION_ITEM('')
SURFACE()
);
#38=FACE_BOUND('',#692,.T.);
#39=FACE_BOUND('',#694,.T.);
#40=FACE_BOUND('',#695,.T.);
#41=FACE_BOUND('',#698,.T.);
#42=FACE_BOUND('',#699,.T.);
#43=FACE_BOUND('',#727,.T.);
#44=FACE_BOUND('',#728,.T.);
#45=FACE_BOUND('',#730,.T.);
#46=FACE_BOUND('',#732,.T.);
#47=FACE_BOUND('',#734,.T.);
#48=FACE_BOUND('',#737,.T.);
#49=FACE_BOUND('',#772,.T.);
#50=FACE_BOUND('',#774,.T.);
#51=FACE_BOUND('',#777,.T.);
#52=FACE_BOUND('',#780,.T.);
#53=FACE_BOUND('',#782,.T.);
#54=FACE_BOUND('',#784,.T.);
#55=FACE_BOUND('',#786,.T.);
#56=FACE_BOUND('',#788,.T.);
#57=PLANE('',#2888);
#58=PLANE('',#2890);
#59=PLANE('',#2892);
#60=PLANE('',#2907);
#61=PLANE('',#2910);
#62=PLANE('',#2911);
#63=PLANE('',#2916);
#64=PLANE('',#2919);
#65=PLANE('',#2922);
#66=PLANE('',#2927);
#67=PLANE('',#2930);
#68=PLANE('',#2933);
#69=PLANE('',#2936);
#70=PLANE('',#2939);
#71=PLANE('',#2942);
#72=PLANE('',#2945);
#73=PLANE('',#2948);
#74=PLANE('',#2951);
#75=PLANE('',#2954);
#76=PLANE('',#2969);
#77=PLANE('',#2970);
#78=PLANE('',#2971);
#79=PLANE('',#2972);
#80=PLANE('',#2973);
#81=PLANE('',#2974);
#82=PLANE('',#3019);
#83=PLANE('',#3020);
#84=PLANE('',#3021);
#85=PLANE('',#3022);
#86=PLANE('',#3023);
#87=PLANE('',#3024);
#88=PLANE('',#3025);
#89=PLANE('',#3026);
#90=PLANE('',#3027);
#91=PLANE('',#3028);
#92=PLANE('',#3029);
#93=PLANE('',#3030);
#94=PLANE('',#3031);
#95=PLANE('',#3032);
#96=PLANE('',#3033);
#97=PLANE('',#3034);
#98=PLANE('',#3035);
#99=PLANE('',#3036);
#100=PLANE('',#3037);
#101=PLANE('',#3038);
#102=B_SPLINE_CURVE_WITH_KNOTS('',3,(#4208,#4209,#4210,#4211,#4212,#4213,
#4214,#4215,#4216,#4217,#4218,#4219,#4220,#4221,#4222,#4223,#4224,#4225,
#4226,#4227,#4228,#4229,#4230,#4231,#4232,#4233,#4234,#4235,#4236,#4237,
#4238,#4239),.UNSPECIFIED.,.F.,.F.,(4,2,2,2,2,2,2,2,2,2,2,2,2,2,2,4),(-0.05646008721329,
-0.0443599486025102,-0.0434758439942497,-0.041417103378118,-0.0390104775204025,
-0.0323938041679225,-0.0285601135601831,-0.0284384307619713,-0.0245379938741643,
-0.0228329468307429,-0.021244620549581,-0.0210592683024571,-0.0152820688896594,
-0.0131888083419834,-0.00627266426909032,0.),.UNSPECIFIED.);
#103=B_SPLINE_CURVE_WITH_KNOTS('',3,(#4249,#4250,#4251,#4252,#4253,#4254,
#4255,#4256,#4257,#4258,#4259,#4260,#4261,#4262,#4263,#4264,#4265,#4266,
#4267,#4268,#4269,#4270,#4271,#4272,#4273,#4274,#4275,#4276,#4277,#4278,
#4279,#4280),.UNSPECIFIED.,.F.,.F.,(4,2,2,2,2,2,2,2,2,2,2,2,2,2,2,4),(-0.0564600832534331,
-0.0443599463489082,-0.0434758418652812,-0.0414171015393467,-0.0390104760208688,
-0.0323938036010685,-0.0285601135337859,-0.0284384307427372,-0.0245379938690224,
-0.0228329468267971,-0.0212446205467459,-0.0210592682997154,-0.0152820688876864,
-0.0131888083402924,-0.00627266426831222,0.),.UNSPECIFIED.);
#104=B_SPLINE_CURVE_WITH_KNOTS('',3,(#4345,#4346,#4347,#4348,#4349,#4350,
#4351,#4352,#4353,#4354,#4355,#4356,#4357,#4358,#4359,#4360,#4361,#4362,
#4363,#4364,#4365,#4366,#4367,#4368,#4369,#4370,#4371,#4372),
 .UNSPECIFIED.,.F.,.F.,(4,3,3,3,3,3,3,3,3,4),(0.,0.000123125997485344,0.000136939004173837,
0.000235093480901441,0.000273271701895619,0.000273717424807972,0.000365129829614159,
0.000410089341191423,0.000503735176374859,0.000546543403791237),
 .UNSPECIFIED.);
#105=B_SPLINE_CURVE_WITH_KNOTS('',3,(#4395,#4396,#4397,#4398,#4399,#4400,
#4401,#4402,#4403,#4404,#4405,#4406,#4407,#4408,#4409,#4410,#4411,#4412,
#4413,#4414,#4415,#4416,#4417,#4418,#4419,#4420,#4421,#4422),
 .UNSPECIFIED.,.F.,.F.,(4,3,3,3,3,3,3,3,3,4),(0.,0.000123125997384328,0.000136939004173553,
0.00023509348090633,0.000273271701895792,0.000273717424807846,0.000365129829616663,
0.00041008934119154,0.000503735176377361,0.000546543403791584),
 .UNSPECIFIED.);
#106=LINE('',#4155,#254);
#107=LINE('',#4159,#255);
#108=LINE('',#4163,#256);
#109=LINE('',#4167,#257);
#110=LINE('',#4169,#258);
#111=LINE('',#4172,#259);
#112=LINE('',#4175,#260);
#113=LINE('',#4178,#261);
#114=LINE('',#4183,#262);
#115=LINE('',#4187,#263);
#116=LINE('',#4192,#264);
#117=LINE('',#4198,#265);
#118=LINE('',#4204,#266);
#119=LINE('',#4245,#267);
#120=LINE('',#4286,#268);
#121=LINE('',#4308,#269);
#122=LINE('',#4314,#270);
#123=LINE('',#4320,#271);
#124=LINE('',#4326,#272);
#125=LINE('',#4331,#273);
#126=LINE('',#4335,#274);
#127=LINE('',#4340,#275);
#128=LINE('',#4374,#276);
#129=LINE('',#4378,#277);
#130=LINE('',#4380,#278);
#131=LINE('',#4382,#279);
#132=LINE('',#4384,#280);
#133=LINE('',#4386,#281);
#134=LINE('',#4387,#282);
#135=LINE('',#4393,#283);
#136=LINE('',#4424,#284);
#137=LINE('',#4426,#285);
#138=LINE('',#4428,#286);
#139=LINE('',#4430,#287);
#140=LINE('',#4432,#288);
#141=LINE('',#4433,#289);
#142=LINE('',#4437,#290);
#143=LINE('',#4439,#291);
#144=LINE('',#4441,#292);
#145=LINE('',#4442,#293);
#146=LINE('',#4449,#294);
#147=LINE('',#4453,#295);
#148=LINE('',#4457,#296);
#149=LINE('',#4461,#297);
#150=LINE('',#4465,#298);
#151=LINE('',#4469,#299);
#152=LINE('',#4473,#300);
#153=LINE('',#4477,#301);
#154=LINE('',#4481,#302);
#155=LINE('',#4487,#303);
#156=LINE('',#4491,#304);
#157=LINE('',#4494,#305);
#158=LINE('',#4498,#306);
#159=LINE('',#4500,#307);
#160=LINE('',#4502,#308);
#161=LINE('',#4504,#309);
#162=LINE('',#4506,#310);
#163=LINE('',#4510,#311);
#164=LINE('',#4512,#312);
#165=LINE('',#4514,#313);
#166=LINE('',#4519,#314);
#167=LINE('',#4521,#315);
#168=LINE('',#4523,#316);
#169=LINE('',#4524,#317);
#170=LINE('',#4528,#318);
#171=LINE('',#4530,#319);
#172=LINE('',#4532,#320);
#173=LINE('',#4534,#321);
#174=LINE('',#4536,#322);
#175=LINE('',#4540,#323);
#176=LINE('',#4542,#324);
#177=LINE('',#4544,#325);
#178=LINE('',#4548,#326);
#179=LINE('',#4551,#327);
#180=LINE('',#4554,#328);
#181=LINE('',#4555,#329);
#182=LINE('',#4558,#330);
#183=LINE('',#4562,#331);
#184=LINE('',#4563,#332);
#185=LINE('',#4566,#333);
#186=LINE('',#4570,#334);
#187=LINE('',#4571,#335);
#188=LINE('',#4574,#336);
#189=LINE('',#4578,#337);
#190=LINE('',#4582,#338);
#191=LINE('',#4583,#339);
#192=LINE('',#4586,#340);
#193=LINE('',#4590,#341);
#194=LINE('',#4591,#342);
#195=LINE('',#4594,#343);
#196=LINE('',#4598,#344);
#197=LINE('',#4599,#345);
#198=LINE('',#4602,#346);
#199=LINE('',#4606,#347);
#200=LINE('',#4607,#348);
#201=LINE('',#4610,#349);
#202=LINE('',#4614,#350);
#203=LINE('',#4615,#351);
#204=LINE('',#4618,#352);
#205=LINE('',#4622,#353);
#206=LINE('',#4623,#354);
#207=LINE('',#4626,#355);
#208=LINE('',#4630,#356);
#209=LINE('',#4631,#357);
#210=LINE('',#4634,#358);
#211=LINE('',#4638,#359);
#212=LINE('',#4639,#360);
#213=LINE('',#4642,#361);
#214=LINE('',#4646,#362);
#215=LINE('',#4647,#363);
#216=LINE('',#4653,#364);
#217=LINE('',#4659,#365);
#218=LINE('',#4663,#366);
#219=LINE('',#4667,#367);
#220=LINE('',#4673,#368);
#221=LINE('',#4677,#369);
#222=LINE('',#4681,#370);
#223=LINE('',#4685,#371);
#224=LINE('',#4689,#372);
#225=LINE('',#4693,#373);
#226=LINE('',#4697,#374);
#227=LINE('',#4701,#375);
#228=LINE('',#4828,#376);
#229=LINE('',#4829,#377);
#230=LINE('',#4831,#378);
#231=LINE('',#4833,#379);
#232=LINE('',#4834,#380);
#233=LINE('',#4838,#381);
#234=LINE('',#4840,#382);
#235=LINE('',#4842,#383);
#236=LINE('',#4843,#384);
#237=LINE('',#4847,#385);
#238=LINE('',#4849,#386);
#239=LINE('',#4851,#387);
#240=LINE('',#4852,#388);
#241=LINE('',#4856,#389);
#242=LINE('',#4858,#390);
#243=LINE('',#4860,#391);
#244=LINE('',#4861,#392);
#245=LINE('',#4864,#393);
#246=LINE('',#4866,#394);
#247=LINE('',#4868,#395);
#248=LINE('',#4870,#396);
#249=LINE('',#4871,#397);
#250=LINE('',#4875,#398);
#251=LINE('',#4877,#399);
#252=LINE('',#4879,#400);
#253=LINE('',#4880,#401);
#254=VECTOR('',#3263,0.45);
#255=VECTOR('',#3268,0.45);
#256=VECTOR('',#3273,0.75);
#257=VECTOR('',#3278,0.75);
#258=VECTOR('',#3281,1.);
#259=VECTOR('',#3284,1.);
#260=VECTOR('',#3289,1.);
#261=VECTOR('',#3292,1.);
#262=VECTOR('',#3299,1.29);
#263=VECTOR('',#3304,1.29);
#264=VECTOR('',#3309,0.515);
#265=VECTOR('',#3316,0.515);
#266=VECTOR('',#3323,0.525);
#267=VECTOR('',#3332,0.525);
#268=VECTOR('',#3341,0.46);
#269=VECTOR('',#3368,1.25);
#270=VECTOR('',#3375,1.29);
#271=VECTOR('',#3382,1.25);
#272=VECTOR('',#3389,1.29);
#273=VECTOR('',#3396,1.3);
#274=VECTOR('',#3401,1.3);
#275=VECTOR('',#3406,0.46);
#276=VECTOR('',#3411,1000.);
#277=VECTOR('',#3414,1000.);
#278=VECTOR('',#3415,1000.);
#279=VECTOR('',#3416,1000.);
#280=VECTOR('',#3417,1000.);
#281=VECTOR('',#3418,1000.);
#282=VECTOR('',#3419,1000.);
#283=VECTOR('',#3424,1000.);
#284=VECTOR('',#3425,1000.);
#285=VECTOR('',#3426,1000.);
#286=VECTOR('',#3427,1000.);
#287=VECTOR('',#3428,1000.);
#288=VECTOR('',#3429,1000.);
#289=VECTOR('',#3430,1000.);
#290=VECTOR('',#3433,1000.);
#291=VECTOR('',#3434,1000.);
#292=VECTOR('',#3435,1000.);
#293=VECTOR('',#3436,1000.);
#294=VECTOR('',#3441,1000.);
#295=VECTOR('',#3444,1000.);
#296=VECTOR('',#3447,1000.);
#297=VECTOR('',#3450,1000.);
#298=VECTOR('',#3453,1000.);
#299=VECTOR('',#3456,1000.);
#300=VECTOR('',#3459,1000.);
#301=VECTOR('',#3462,1000.);
#302=VECTOR('',#3465,1000.);
#303=VECTOR('',#3470,1000.);
#304=VECTOR('',#3473,1000.);
#305=VECTOR('',#3476,1000.);
#306=VECTOR('',#3479,1000.);
#307=VECTOR('',#3480,1000.);
#308=VECTOR('',#3481,1000.);
#309=VECTOR('',#3482,1000.);
#310=VECTOR('',#3483,1000.);
#311=VECTOR('',#3486,1000.);
#312=VECTOR('',#3487,1000.);
#313=VECTOR('',#3488,1000.);
#314=VECTOR('',#3493,1000.);
#315=VECTOR('',#3494,1000.);
#316=VECTOR('',#3495,1000.);
#317=VECTOR('',#3496,1000.);
#318=VECTOR('',#3499,1000.);
#319=VECTOR('',#3500,1000.);
#320=VECTOR('',#3501,1000.);
#321=VECTOR('',#3502,1000.);
#322=VECTOR('',#3503,1000.);
#323=VECTOR('',#3506,1000.);
#324=VECTOR('',#3507,1000.);
#325=VECTOR('',#3508,1000.);
#326=VECTOR('',#3513,1000.);
#327=VECTOR('',#3516,1000.);
#328=VECTOR('',#3519,1000.);
#329=VECTOR('',#3520,1000.);
#330=VECTOR('',#3523,1000.);
#331=VECTOR('',#3528,1000.);
#332=VECTOR('',#3529,1000.);
#333=VECTOR('',#3532,1000.);
#334=VECTOR('',#3537,1000.);
#335=VECTOR('',#3538,1000.);
#336=VECTOR('',#3541,1000.);
#337=VECTOR('',#3546,1000.);
#338=VECTOR('',#3551,1000.);
#339=VECTOR('',#3552,1000.);
#340=VECTOR('',#3555,1000.);
#341=VECTOR('',#3560,1000.);
#342=VECTOR('',#3561,1000.);
#343=VECTOR('',#3564,1000.);
#344=VECTOR('',#3569,1000.);
#345=VECTOR('',#3570,1000.);
#346=VECTOR('',#3573,1000.);
#347=VECTOR('',#3578,1000.);
#348=VECTOR('',#3579,1000.);
#349=VECTOR('',#3582,1000.);
#350=VECTOR('',#3587,1000.);
#351=VECTOR('',#3588,1000.);
#352=VECTOR('',#3591,1000.);
#353=VECTOR('',#3596,1000.);
#354=VECTOR('',#3597,1000.);
#355=VECTOR('',#3600,1000.);
#356=VECTOR('',#3605,1000.);
#357=VECTOR('',#3606,1000.);
#358=VECTOR('',#3609,1000.);
#359=VECTOR('',#3614,1000.);
#360=VECTOR('',#3615,1000.);
#361=VECTOR('',#3618,1000.);
#362=VECTOR('',#3623,1000.);
#363=VECTOR('',#3624,1000.);
#364=VECTOR('',#3631,1000.);
#365=VECTOR('',#3636,1000.);
#366=VECTOR('',#3639,1000.);
#367=VECTOR('',#3642,1000.);
#368=VECTOR('',#3647,1000.);
#369=VECTOR('',#3650,1000.);
#370=VECTOR('',#3653,1000.);
#371=VECTOR('',#3656,1000.);
#372=VECTOR('',#3659,1000.);
#373=VECTOR('',#3662,1000.);
#374=VECTOR('',#3665,1000.);
#375=VECTOR('',#3668,1000.);
#376=VECTOR('',#3773,1000.);
#377=VECTOR('',#3774,1000.);
#378=VECTOR('',#3775,1000.);
#379=VECTOR('',#3776,1000.);
#380=VECTOR('',#3777,1000.);
#381=VECTOR('',#3780,1000.);
#382=VECTOR('',#3781,1000.);
#383=VECTOR('',#3782,1000.);
#384=VECTOR('',#3783,1000.);
#385=VECTOR('',#3786,1000.);
#386=VECTOR('',#3787,1000.);
#387=VECTOR('',#3788,1000.);
#388=VECTOR('',#3789,1000.);
#389=VECTOR('',#3792,1000.);
#390=VECTOR('',#3793,1000.);
#391=VECTOR('',#3794,1000.);
#392=VECTOR('',#3795,1000.);
#393=VECTOR('',#3798,1000.);
#394=VECTOR('',#3799,1000.);
#395=VECTOR('',#3800,1000.);
#396=VECTOR('',#3801,1000.);
#397=VECTOR('',#3802,1000.);
#398=VECTOR('',#3805,1000.);
#399=VECTOR('',#3806,1000.);
#400=VECTOR('',#3807,1000.);
#401=VECTOR('',#3808,1000.);
#402=CYLINDRICAL_SURFACE('',#2824,0.45);
#403=CYLINDRICAL_SURFACE('',#2826,0.45);
#404=CYLINDRICAL_SURFACE('',#2828,0.75);
#405=CYLINDRICAL_SURFACE('',#2830,0.75);
#406=CYLINDRICAL_SURFACE('',#2832,1.);
#407=CYLINDRICAL_SURFACE('',#2833,1.);
#408=CYLINDRICAL_SURFACE('',#2835,1.);
#409=CYLINDRICAL_SURFACE('',#2836,1.);
#410=CYLINDRICAL_SURFACE('',#2838,1.29);
#411=CYLINDRICAL_SURFACE('',#2840,1.29);
#412=CYLINDRICAL_SURFACE('',#2842,0.515);
#413=CYLINDRICAL_SURFACE('',#2845,0.515);
#414=CYLINDRICAL_SURFACE('',#2848,0.525);
#415=CYLINDRICAL_SURFACE('',#2852,0.525);
#416=CYLINDRICAL_SURFACE('',#2856,0.46);
#417=CYLINDRICAL_SURFACE('',#2869,1.25);
#418=CYLINDRICAL_SURFACE('',#2872,1.29);
#419=CYLINDRICAL_SURFACE('',#2875,1.25);
#420=CYLINDRICAL_SURFACE('',#2878,1.29);
#421=CYLINDRICAL_SURFACE('',#2881,1.3);
#422=CYLINDRICAL_SURFACE('',#2883,1.3);
#423=CYLINDRICAL_SURFACE('',#2885,0.46);
#424=CYLINDRICAL_SURFACE('',#2914,1.9);
#425=CYLINDRICAL_SURFACE('',#2917,0.2);
#426=CYLINDRICAL_SURFACE('',#2920,0.2);
#427=CYLINDRICAL_SURFACE('',#2923,1.9);
#428=CYLINDRICAL_SURFACE('',#2925,0.5);
#429=CYLINDRICAL_SURFACE('',#2928,0.5);
#430=CYLINDRICAL_SURFACE('',#2931,0.2);
#431=CYLINDRICAL_SURFACE('',#2934,0.2);
#432=CYLINDRICAL_SURFACE('',#2937,0.2);
#433=CYLINDRICAL_SURFACE('',#2940,0.2);
#434=CYLINDRICAL_SURFACE('',#2943,0.2);
#435=CYLINDRICAL_SURFACE('',#2946,0.2);
#436=CYLINDRICAL_SURFACE('',#2949,0.5);
#437=CYLINDRICAL_SURFACE('',#2952,0.5);
#438=CYLINDRICAL_SURFACE('',#2975,0.1);
#439=CYLINDRICAL_SURFACE('',#2980,0.1);
#440=CYLINDRICAL_SURFACE('',#2982,0.1);
#441=CYLINDRICAL_SURFACE('',#2987,0.0999999999999994);
#442=CYLINDRICAL_SURFACE('',#2989,0.0999999999999998);
#443=CYLINDRICAL_SURFACE('',#2994,0.1);
#444=CYLINDRICAL_SURFACE('',#2999,0.1);
#445=CYLINDRICAL_SURFACE('',#3001,0.1);
#446=CYLINDRICAL_SURFACE('',#3005,0.1);
#447=CYLINDRICAL_SURFACE('',#3007,0.1);
#448=CYLINDRICAL_SURFACE('',#3012,0.1);
#449=CYLINDRICAL_SURFACE('',#3014,0.0999999999999998);
#450=CYLINDRICAL_SURFACE('',#3043,0.1);
#451=CYLINDRICAL_SURFACE('',#3045,0.0999999999999998);
#452=CYLINDRICAL_SURFACE('',#3047,0.1);
#453=CYLINDRICAL_SURFACE('',#3049,0.1);
#454=CYLINDRICAL_SURFACE('',#3061,0.1);
#455=CYLINDRICAL_SURFACE('',#3063,0.1);
#456=CYLINDRICAL_SURFACE('',#3065,0.0999999999999998);
#457=CYLINDRICAL_SURFACE('',#3067,0.0999999999999998);
#458=CYLINDRICAL_SURFACE('',#3070,0.1);
#459=CYLINDRICAL_SURFACE('',#3072,0.0999999999999998);
#460=CYLINDRICAL_SURFACE('',#3074,0.1);
#461=CYLINDRICAL_SURFACE('',#3076,0.1);
#462=CYLINDRICAL_SURFACE('',#3093,0.1);
#463=CYLINDRICAL_SURFACE('',#3095,0.1);
#464=CYLINDRICAL_SURFACE('',#3097,0.1);
#465=CYLINDRICAL_SURFACE('',#3099,0.1);
#466=CYLINDRICAL_SURFACE('',#3101,0.1);
#467=CYLINDRICAL_SURFACE('',#3103,0.1);
#468=CYLINDRICAL_SURFACE('',#3105,0.0999999999999998);
#469=CYLINDRICAL_SURFACE('',#3107,0.1);
#470=CYLINDRICAL_SURFACE('',#3121,0.0999999999999998);
#471=CYLINDRICAL_SURFACE('',#3123,0.1);
#472=CYLINDRICAL_SURFACE('',#3125,0.1);
#473=CYLINDRICAL_SURFACE('',#3127,0.1);
#474=CYLINDRICAL_SURFACE('',#3129,0.1);
#475=CYLINDRICAL_SURFACE('',#3131,0.1);
#476=CYLINDRICAL_SURFACE('',#3133,0.1);
#477=CYLINDRICAL_SURFACE('',#3142,0.0999999999999998);
#478=CYLINDRICAL_SURFACE('',#3144,0.1);
#479=CYLINDRICAL_SURFACE('',#3146,0.1);
#480=CYLINDRICAL_SURFACE('',#3148,0.1);
#481=CYLINDRICAL_SURFACE('',#3154,0.0999999999999998);
#482=FACE_OUTER_BOUND('',#655,.T.);
#483=FACE_OUTER_BOUND('',#656,.T.);
#484=FACE_OUTER_BOUND('',#657,.T.);
#485=FACE_OUTER_BOUND('',#658,.T.);
#486=FACE_OUTER_BOUND('',#659,.T.);
#487=FACE_OUTER_BOUND('',#660,.T.);
#488=FACE_OUTER_BOUND('',#661,.T.);
#489=FACE_OUTER_BOUND('',#662,.T.);
#490=FACE_OUTER_BOUND('',#663,.T.);
#491=FACE_OUTER_BOUND('',#664,.T.);
#492=FACE_OUTER_BOUND('',#665,.T.);
#493=FACE_OUTER_BOUND('',#666,.T.);
#494=FACE_OUTER_BOUND('',#667,.T.);
#495=FACE_OUTER_BOUND('',#668,.T.);
#496=FACE_OUTER_BOUND('',#669,.T.);
#497=FACE_OUTER_BOUND('',#670,.T.);
#498=FACE_OUTER_BOUND('',#671,.T.);
#499=FACE_OUTER_BOUND('',#672,.T.);
#500=FACE_OUTER_BOUND('',#673,.T.);
#501=FACE_OUTER_BOUND('',#674,.T.);
#502=FACE_OUTER_BOUND('',#675,.T.);
#503=FACE_OUTER_BOUND('',#676,.T.);
#504=FACE_OUTER_BOUND('',#677,.T.);
#505=FACE_OUTER_BOUND('',#678,.T.);
#506=FACE_OUTER_BOUND('',#679,.T.);
#507=FACE_OUTER_BOUND('',#680,.T.);
#508=FACE_OUTER_BOUND('',#681,.T.);
#509=FACE_OUTER_BOUND('',#682,.T.);
#510=FACE_OUTER_BOUND('',#683,.T.);
#511=FACE_OUTER_BOUND('',#684,.T.);
#512=FACE_OUTER_BOUND('',#685,.T.);
#513=FACE_OUTER_BOUND('',#686,.T.);
#514=FACE_OUTER_BOUND('',#687,.T.);
#515=FACE_OUTER_BOUND('',#688,.T.);
#516=FACE_OUTER_BOUND('',#689,.T.);
#517=FACE_OUTER_BOUND('',#690,.T.);
#518=FACE_OUTER_BOUND('',#691,.T.);
#519=FACE_OUTER_BOUND('',#693,.T.);
#520=FACE_OUTER_BOUND('',#696,.T.);
#521=FACE_OUTER_BOUND('',#697,.T.);
#522=FACE_OUTER_BOUND('',#700,.T.);
#523=FACE_OUTER_BOUND('',#701,.T.);
#524=FACE_OUTER_BOUND('',#702,.T.);
#525=FACE_OUTER_BOUND('',#703,.T.);
#526=FACE_OUTER_BOUND('',#704,.T.);
#527=FACE_OUTER_BOUND('',#705,.T.);
#528=FACE_OUTER_BOUND('',#706,.T.);
#529=FACE_OUTER_BOUND('',#707,.T.);
#530=FACE_OUTER_BOUND('',#708,.T.);
#531=FACE_OUTER_BOUND('',#709,.T.);
#532=FACE_OUTER_BOUND('',#710,.T.);
#533=FACE_OUTER_BOUND('',#711,.T.);
#534=FACE_OUTER_BOUND('',#712,.T.);
#535=FACE_OUTER_BOUND('',#713,.T.);
#536=FACE_OUTER_BOUND('',#714,.T.);
#537=FACE_OUTER_BOUND('',#715,.T.);
#538=FACE_OUTER_BOUND('',#716,.T.);
#539=FACE_OUTER_BOUND('',#717,.T.);
#540=FACE_OUTER_BOUND('',#718,.T.);
#541=FACE_OUTER_BOUND('',#719,.T.);
#542=FACE_OUTER_BOUND('',#720,.T.);
#543=FACE_OUTER_BOUND('',#721,.T.);
#544=FACE_OUTER_BOUND('',#722,.T.);
#545=FACE_OUTER_BOUND('',#723,.T.);
#546=FACE_OUTER_BOUND('',#724,.T.);
#547=FACE_OUTER_BOUND('',#725,.T.);
#548=FACE_OUTER_BOUND('',#726,.T.);
#549=FACE_OUTER_BOUND('',#729,.T.);
#550=FACE_OUTER_BOUND('',#731,.T.);
#551=FACE_OUTER_BOUND('',#733,.T.);
#552=FACE_OUTER_BOUND('',#735,.T.);
#553=FACE_OUTER_BOUND('',#736,.T.);
#554=FACE_OUTER_BOUND('',#738,.T.);
#555=FACE_OUTER_BOUND('',#739,.T.);
#556=FACE_OUTER_BOUND('',#740,.T.);
#557=FACE_OUTER_BOUND('',#741,.T.);
#558=FACE_OUTER_BOUND('',#742,.T.);
#559=FACE_OUTER_BOUND('',#743,.T.);
#560=FACE_OUTER_BOUND('',#744,.T.);
#561=FACE_OUTER_BOUND('',#745,.T.);
#562=FACE_OUTER_BOUND('',#746,.T.);
#563=FACE_OUTER_BOUND('',#747,.T.);
#564=FACE_OUTER_BOUND('',#748,.T.);
#565=FACE_OUTER_BOUND('',#749,.T.);
#566=FACE_OUTER_BOUND('',#750,.T.);
#567=FACE_OUTER_BOUND('',#751,.T.);
#568=FACE_OUTER_BOUND('',#752,.T.);
#569=FACE_OUTER_BOUND('',#753,.T.);
#570=FACE_OUTER_BOUND('',#754,.T.);
#571=FACE_OUTER_BOUND('',#755,.T.);
#572=FACE_OUTER_BOUND('',#756,.T.);
#573=FACE_OUTER_BOUND('',#757,.T.);
#574=FACE_OUTER_BOUND('',#758,.T.);
#575=FACE_OUTER_BOUND('',#759,.T.);
#576=FACE_OUTER_BOUND('',#760,.T.);
#577=FACE_OUTER_BOUND('',#761,.T.);
#578=FACE_OUTER_BOUND('',#762,.T.);
#579=FACE_OUTER_BOUND('',#763,.T.);
#580=FACE_OUTER_BOUND('',#764,.T.);
#581=FACE_OUTER_BOUND('',#765,.T.);
#582=FACE_OUTER_BOUND('',#766,.T.);
#583=FACE_OUTER_BOUND('',#767,.T.);
#584=FACE_OUTER_BOUND('',#768,.T.);
#585=FACE_OUTER_BOUND('',#769,.T.);
#586=FACE_OUTER_BOUND('',#770,.T.);
#587=FACE_OUTER_BOUND('',#771,.T.);
#588=FACE_OUTER_BOUND('',#773,.T.);
#589=FACE_OUTER_BOUND('',#775,.T.);
#590=FACE_OUTER_BOUND('',#776,.T.);
#591=FACE_OUTER_BOUND('',#778,.T.);
#592=FACE_OUTER_BOUND('',#779,.T.);
#593=FACE_OUTER_BOUND('',#781,.T.);
#594=FACE_OUTER_BOUND('',#783,.T.);
#595=FACE_OUTER_BOUND('',#785,.T.);
#596=FACE_OUTER_BOUND('',#787,.T.);
#597=FACE_OUTER_BOUND('',#789,.T.);
#598=FACE_OUTER_BOUND('',#790,.T.);
#599=FACE_OUTER_BOUND('',#791,.T.);
#600=FACE_OUTER_BOUND('',#792,.T.);
#601=FACE_OUTER_BOUND('',#793,.T.);
#602=FACE_OUTER_BOUND('',#794,.T.);
#603=FACE_OUTER_BOUND('',#795,.T.);
#604=FACE_OUTER_BOUND('',#796,.T.);
#605=FACE_OUTER_BOUND('',#797,.T.);
#606=FACE_OUTER_BOUND('',#798,.T.);
#607=FACE_OUTER_BOUND('',#799,.T.);
#608=FACE_OUTER_BOUND('',#800,.T.);
#609=FACE_OUTER_BOUND('',#801,.T.);
#610=FACE_OUTER_BOUND('',#802,.T.);
#611=FACE_OUTER_BOUND('',#803,.T.);
#612=FACE_OUTER_BOUND('',#804,.T.);
#613=FACE_OUTER_BOUND('',#805,.T.);
#614=FACE_OUTER_BOUND('',#806,.T.);
#615=FACE_OUTER_BOUND('',#807,.T.);
#616=FACE_OUTER_BOUND('',#808,.T.);
#617=FACE_OUTER_BOUND('',#809,.T.);
#618=FACE_OUTER_BOUND('',#810,.T.);
#619=FACE_OUTER_BOUND('',#811,.T.);
#620=FACE_OUTER_BOUND('',#812,.T.);
#621=FACE_OUTER_BOUND('',#813,.T.);
#622=FACE_OUTER_BOUND('',#814,.T.);
#623=FACE_OUTER_BOUND('',#815,.T.);
#624=FACE_OUTER_BOUND('',#816,.T.);
#625=FACE_OUTER_BOUND('',#817,.T.);
#626=FACE_OUTER_BOUND('',#818,.T.);
#627=FACE_OUTER_BOUND('',#819,.T.);
#628=FACE_OUTER_BOUND('',#820,.T.);
#629=FACE_OUTER_BOUND('',#821,.T.);
#630=FACE_OUTER_BOUND('',#822,.T.);
#631=FACE_OUTER_BOUND('',#823,.T.);
#632=FACE_OUTER_BOUND('',#824,.T.);
#633=FACE_OUTER_BOUND('',#825,.T.);
#634=FACE_OUTER_BOUND('',#826,.T.);
#635=FACE_OUTER_BOUND('',#827,.T.);
#636=FACE_OUTER_BOUND('',#828,.T.);
#637=FACE_OUTER_BOUND('',#829,.T.);
#638=FACE_OUTER_BOUND('',#830,.T.);
#639=FACE_OUTER_BOUND('',#831,.T.);
#640=FACE_OUTER_BOUND('',#832,.T.);
#641=FACE_OUTER_BOUND('',#833,.T.);
#642=FACE_OUTER_BOUND('',#834,.T.);
#643=FACE_OUTER_BOUND('',#835,.T.);
#644=FACE_OUTER_BOUND('',#836,.T.);
#645=FACE_OUTER_BOUND('',#837,.T.);
#646=FACE_OUTER_BOUND('',#838,.T.);
#647=FACE_OUTER_BOUND('',#839,.T.);
#648=FACE_OUTER_BOUND('',#840,.T.);
#649=FACE_OUTER_BOUND('',#841,.T.);
#650=FACE_OUTER_BOUND('',#842,.T.);
#651=FACE_OUTER_BOUND('',#843,.T.);
#652=FACE_OUTER_BOUND('',#844,.T.);
#653=FACE_OUTER_BOUND('',#845,.T.);
#654=FACE_OUTER_BOUND('',#846,.T.);
#655=EDGE_LOOP('',(#1656,#1657,#1658,#1659,#1660,#1661));
#656=EDGE_LOOP('',(#1662,#1663,#1664,#1665,#1666,#1667));
#657=EDGE_LOOP('',(#1668,#1669,#1670,#1671,#1672));
#658=EDGE_LOOP('',(#1673,#1674,#1675,#1676,#1677));
#659=EDGE_LOOP('',(#1678,#1679,#1680,#1681,#1682));
#660=EDGE_LOOP('',(#1683,#1684,#1685,#1686));
#661=EDGE_LOOP('',(#1687,#1688,#1689,#1690,#1691));
#662=EDGE_LOOP('',(#1692,#1693,#1694,#1695,#1696));
#663=EDGE_LOOP('',(#1697,#1698,#1699,#1700,#1701));
#664=EDGE_LOOP('',(#1702,#1703,#1704,#1705,#1706));
#665=EDGE_LOOP('',(#1707,#1708,#1709,#1710,#1711));
#666=EDGE_LOOP('',(#1712,#1713,#1714,#1715,#1716));
#667=EDGE_LOOP('',(#1717,#1718,#1719,#1720,#1721));
#668=EDGE_LOOP('',(#1722,#1723,#1724,#1725,#1726));
#669=EDGE_LOOP('',(#1727,#1728,#1729,#1730,#1731,#1732));
#670=EDGE_LOOP('',(#1733,#1734,#1735,#1736,#1737));
#671=EDGE_LOOP('',(#1738,#1739,#1740,#1741,#1742,#1743));
#672=EDGE_LOOP('',(#1744,#1745,#1746,#1747,#1748));
#673=EDGE_LOOP('',(#1749,#1750,#1751,#1752));
#674=EDGE_LOOP('',(#1753,#1754,#1755,#1756,#1757));
#675=EDGE_LOOP('',(#1758,#1759,#1760,#1761));
#676=EDGE_LOOP('',(#1762,#1763,#1764,#1765));
#677=EDGE_LOOP('',(#1766,#1767,#1768,#1769,#1770,#1771));
#678=EDGE_LOOP('',(#1772,#1773,#1774,#1775,#1776,#1777));
#679=EDGE_LOOP('',(#1778,#1779,#1780,#1781));
#680=EDGE_LOOP('',(#1782,#1783,#1784,#1785,#1786));
#681=EDGE_LOOP('',(#1787,#1788,#1789,#1790,#1791));
#682=EDGE_LOOP('',(#1792,#1793,#1794,#1795));
#683=EDGE_LOOP('',(#1796,#1797,#1798,#1799));
#684=EDGE_LOOP('',(#1800,#1801,#1802,#1803));
#685=EDGE_LOOP('',(#1804,#1805,#1806,#1807));
#686=EDGE_LOOP('',(#1808,#1809,#1810,#1811,#1812));
#687=EDGE_LOOP('',(#1813,#1814,#1815,#1816,#1817));
#688=EDGE_LOOP('',(#1818,#1819,#1820,#1821));
#689=EDGE_LOOP('',(#1822,#1823,#1824,#1825,#1826,#1827,#1828,#1829,#1830));
#690=EDGE_LOOP('',(#1831,#1832,#1833,#1834,#1835,#1836,#1837,#1838,#1839));
#691=EDGE_LOOP('',(#1840,#1841,#1842,#1843));
#692=EDGE_LOOP('',(#1844,#1845,#1846,#1847,#1848,#1849,#1850,#1851,#1852,
#1853,#1854,#1855,#1856,#1857,#1858,#1859,#1860,#1861,#1862,#1863,#1864,
#1865,#1866,#1867,#1868,#1869));
#693=EDGE_LOOP('',(#1870,#1871,#1872,#1873,#1874,#1875,#1876,#1877,#1878,
#1879));
#694=EDGE_LOOP('',(#1880));
#695=EDGE_LOOP('',(#1881));
#696=EDGE_LOOP('',(#1882,#1883,#1884,#1885));
#697=EDGE_LOOP('',(#1886,#1887,#1888,#1889,#1890,#1891,#1892,#1893,#1894,
#1895));
#698=EDGE_LOOP('',(#1896));
#699=EDGE_LOOP('',(#1897));
#700=EDGE_LOOP('',(#1898,#1899,#1900,#1901));
#701=EDGE_LOOP('',(#1902,#1903,#1904,#1905));
#702=EDGE_LOOP('',(#1906,#1907,#1908,#1909));
#703=EDGE_LOOP('',(#1910,#1911,#1912,#1913));
#704=EDGE_LOOP('',(#1914,#1915,#1916,#1917));
#705=EDGE_LOOP('',(#1918,#1919,#1920,#1921));
#706=EDGE_LOOP('',(#1922,#1923,#1924,#1925));
#707=EDGE_LOOP('',(#1926,#1927,#1928,#1929));
#708=EDGE_LOOP('',(#1930,#1931,#1932,#1933));
#709=EDGE_LOOP('',(#1934,#1935,#1936,#1937));
#710=EDGE_LOOP('',(#1938,#1939,#1940,#1941));
#711=EDGE_LOOP('',(#1942,#1943,#1944,#1945));
#712=EDGE_LOOP('',(#1946,#1947,#1948,#1949));
#713=EDGE_LOOP('',(#1950,#1951,#1952,#1953));
#714=EDGE_LOOP('',(#1954,#1955,#1956,#1957));
#715=EDGE_LOOP('',(#1958,#1959,#1960,#1961));
#716=EDGE_LOOP('',(#1962,#1963,#1964,#1965));
#717=EDGE_LOOP('',(#1966,#1967,#1968,#1969));
#718=EDGE_LOOP('',(#1970,#1971,#1972,#1973));
#719=EDGE_LOOP('',(#1974,#1975,#1976,#1977));
#720=EDGE_LOOP('',(#1978,#1979,#1980,#1981));
#721=EDGE_LOOP('',(#1982,#1983,#1984,#1985));
#722=EDGE_LOOP('',(#1986,#1987,#1988,#1989));
#723=EDGE_LOOP('',(#1990,#1991,#1992,#1993));
#724=EDGE_LOOP('',(#1994,#1995,#1996,#1997));
#725=EDGE_LOOP('',(#1998,#1999,#2000,#2001));
#726=EDGE_LOOP('',(#2002,#2003,#2004,#2005,#2006,#2007,#2008,#2009,#2010,
#2011,#2012,#2013,#2014,#2015,#2016,#2017,#2018,#2019,#2020,#2021,#2022,
#2023,#2024,#2025,#2026,#2027));
#727=EDGE_LOOP('',(#2028));
#728=EDGE_LOOP('',(#2029));
#729=EDGE_LOOP('',(#2030));
#730=EDGE_LOOP('',(#2031));
#731=EDGE_LOOP('',(#2032));
#732=EDGE_LOOP('',(#2033));
#733=EDGE_LOOP('',(#2034));
#734=EDGE_LOOP('',(#2035));
#735=EDGE_LOOP('',(#2036));
#736=EDGE_LOOP('',(#2037));
#737=EDGE_LOOP('',(#2038));
#738=EDGE_LOOP('',(#2039));
#739=EDGE_LOOP('',(#2040,#2041,#2042,#2043));
#740=EDGE_LOOP('',(#2044,#2045,#2046,#2047));
#741=EDGE_LOOP('',(#2048,#2049,#2050,#2051));
#742=EDGE_LOOP('',(#2052,#2053,#2054,#2055));
#743=EDGE_LOOP('',(#2056,#2057,#2058,#2059));
#744=EDGE_LOOP('',(#2060,#2061,#2062,#2063));
#745=EDGE_LOOP('',(#2064,#2065,#2066,#2067));
#746=EDGE_LOOP('',(#2068,#2069,#2070,#2071));
#747=EDGE_LOOP('',(#2072,#2073,#2074,#2075));
#748=EDGE_LOOP('',(#2076,#2077,#2078,#2079));
#749=EDGE_LOOP('',(#2080,#2081,#2082,#2083));
#750=EDGE_LOOP('',(#2084,#2085,#2086,#2087));
#751=EDGE_LOOP('',(#2088,#2089,#2090,#2091));
#752=EDGE_LOOP('',(#2092,#2093,#2094,#2095));
#753=EDGE_LOOP('',(#2096,#2097,#2098,#2099));
#754=EDGE_LOOP('',(#2100,#2101,#2102,#2103));
#755=EDGE_LOOP('',(#2104,#2105,#2106,#2107));
#756=EDGE_LOOP('',(#2108,#2109,#2110,#2111));
#757=EDGE_LOOP('',(#2112,#2113,#2114,#2115));
#758=EDGE_LOOP('',(#2116,#2117,#2118,#2119));
#759=EDGE_LOOP('',(#2120,#2121,#2122,#2123));
#760=EDGE_LOOP('',(#2124,#2125,#2126,#2127));
#761=EDGE_LOOP('',(#2128,#2129,#2130,#2131));
#762=EDGE_LOOP('',(#2132,#2133,#2134,#2135));
#763=EDGE_LOOP('',(#2136,#2137,#2138,#2139));
#764=EDGE_LOOP('',(#2140,#2141,#2142,#2143));
#765=EDGE_LOOP('',(#2144,#2145,#2146,#2147,#2148,#2149,#2150));
#766=EDGE_LOOP('',(#2151,#2152,#2153,#2154));
#767=EDGE_LOOP('',(#2155,#2156,#2157,#2158));
#768=EDGE_LOOP('',(#2159,#2160,#2161,#2162));
#769=EDGE_LOOP('',(#2163,#2164,#2165,#2166,#2167,#2168,#2169));
#770=EDGE_LOOP('',(#2170,#2171,#2172,#2173));
#771=EDGE_LOOP('',(#2174));
#772=EDGE_LOOP('',(#2175));
#773=EDGE_LOOP('',(#2176));
#774=EDGE_LOOP('',(#2177));
#775=EDGE_LOOP('',(#2178));
#776=EDGE_LOOP('',(#2179));
#777=EDGE_LOOP('',(#2180));
#778=EDGE_LOOP('',(#2181));
#779=EDGE_LOOP('',(#2182));
#780=EDGE_LOOP('',(#2183));
#781=EDGE_LOOP('',(#2184));
#782=EDGE_LOOP('',(#2185));
#783=EDGE_LOOP('',(#2186));
#784=EDGE_LOOP('',(#2187));
#785=EDGE_LOOP('',(#2188));
#786=EDGE_LOOP('',(#2189));
#787=EDGE_LOOP('',(#2190));
#788=EDGE_LOOP('',(#2191));
#789=EDGE_LOOP('',(#2192));
#790=EDGE_LOOP('',(#2193));
#791=EDGE_LOOP('',(#2194));
#792=EDGE_LOOP('',(#2195));
#793=EDGE_LOOP('',(#2196,#2197,#2198,#2199));
#794=EDGE_LOOP('',(#2200,#2201,#2202,#2203));
#795=EDGE_LOOP('',(#2204,#2205,#2206,#2207));
#796=EDGE_LOOP('',(#2208,#2209,#2210,#2211));
#797=EDGE_LOOP('',(#2212,#2213,#2214,#2215));
#798=EDGE_LOOP('',(#2216,#2217,#2218,#2219));
#799=EDGE_LOOP('',(#2220,#2221,#2222));
#800=EDGE_LOOP('',(#2223,#2224,#2225,#2226));
#801=EDGE_LOOP('',(#2227,#2228,#2229));
#802=EDGE_LOOP('',(#2230,#2231,#2232,#2233));
#803=EDGE_LOOP('',(#2234,#2235,#2236,#2237));
#804=EDGE_LOOP('',(#2238,#2239,#2240,#2241));
#805=EDGE_LOOP('',(#2242,#2243,#2244,#2245));
#806=EDGE_LOOP('',(#2246,#2247,#2248,#2249));
#807=EDGE_LOOP('',(#2250,#2251,#2252,#2253));
#808=EDGE_LOOP('',(#2254,#2255,#2256,#2257));
#809=EDGE_LOOP('',(#2258,#2259,#2260,#2261));
#810=EDGE_LOOP('',(#2262,#2263,#2264));
#811=EDGE_LOOP('',(#2265,#2266,#2267));
#812=EDGE_LOOP('',(#2268,#2269,#2270,#2271));
#813=EDGE_LOOP('',(#2272,#2273,#2274));
#814=EDGE_LOOP('',(#2275,#2276,#2277));
#815=EDGE_LOOP('',(#2278,#2279,#2280,#2281));
#816=EDGE_LOOP('',(#2282,#2283,#2284,#2285));
#817=EDGE_LOOP('',(#2286,#2287,#2288,#2289));
#818=EDGE_LOOP('',(#2290,#2291,#2292,#2293));
#819=EDGE_LOOP('',(#2294,#2295,#2296,#2297));
#820=EDGE_LOOP('',(#2298,#2299,#2300,#2301));
#821=EDGE_LOOP('',(#2302,#2303,#2304,#2305));
#822=EDGE_LOOP('',(#2306,#2307,#2308,#2309));
#823=EDGE_LOOP('',(#2310,#2311,#2312,#2313));
#824=EDGE_LOOP('',(#2314,#2315,#2316));
#825=EDGE_LOOP('',(#2317,#2318,#2319));
#826=EDGE_LOOP('',(#2320,#2321,#2322));
#827=EDGE_LOOP('',(#2323,#2324,#2325));
#828=EDGE_LOOP('',(#2326,#2327,#2328,#2329));
#829=EDGE_LOOP('',(#2330,#2331,#2332,#2333));
#830=EDGE_LOOP('',(#2334,#2335,#2336,#2337));
#831=EDGE_LOOP('',(#2338,#2339,#2340,#2341));
#832=EDGE_LOOP('',(#2342,#2343,#2344,#2345));
#833=EDGE_LOOP('',(#2346,#2347,#2348,#2349));
#834=EDGE_LOOP('',(#2350,#2351,#2352,#2353));
#835=EDGE_LOOP('',(#2354,#2355,#2356,#2357));
#836=EDGE_LOOP('',(#2358,#2359,#2360));
#837=EDGE_LOOP('',(#2361,#2362,#2363));
#838=EDGE_LOOP('',(#2364,#2365,#2366));
#839=EDGE_LOOP('',(#2367,#2368,#2369,#2370));
#840=EDGE_LOOP('',(#2371,#2372,#2373,#2374));
#841=EDGE_LOOP('',(#2375,#2376,#2377,#2378));
#842=EDGE_LOOP('',(#2379,#2380,#2381,#2382));
#843=EDGE_LOOP('',(#2383,#2384,#2385,#2386));
#844=EDGE_LOOP('',(#2387,#2388,#2389));
#845=EDGE_LOOP('',(#2390,#2391,#2392,#2393));
#846=EDGE_LOOP('',(#2394,#2395,#2396,#2397));
#847=CIRCLE('',#2774,1.);
#848=CIRCLE('',#2775,1.);
#849=CIRCLE('',#2776,1.);
#850=CIRCLE('',#2777,1.);
#851=CIRCLE('',#2778,1.);
#852=CIRCLE('',#2780,1.);
#853=CIRCLE('',#2781,1.);
#854=CIRCLE('',#2782,1.);
#855=CIRCLE('',#2783,1.);
#856=CIRCLE('',#2784,1.);
#857=CIRCLE('',#2786,1.);
#858=CIRCLE('',#2787,1.);
#859=CIRCLE('',#2788,0.1);
#860=CIRCLE('',#2789,0.9);
#861=CIRCLE('',#2791,1.);
#862=CIRCLE('',#2792,1.);
#863=CIRCLE('',#2793,0.1);
#864=CIRCLE('',#2794,0.9);
#865=CIRCLE('',#2796,1.19);
#866=CIRCLE('',#2797,0.1);
#867=CIRCLE('',#2798,1.29);
#868=CIRCLE('',#2799,1.29);
#869=CIRCLE('',#2801,1.29);
#870=CIRCLE('',#2802,0.1);
#871=CIRCLE('',#2803,1.19);
#872=CIRCLE('',#2805,0.65);
#873=CIRCLE('',#2806,0.1);
#874=CIRCLE('',#2807,0.75);
#875=CIRCLE('',#2808,0.75);
#876=CIRCLE('',#2810,0.65);
#877=CIRCLE('',#2811,0.1);
#878=CIRCLE('',#2812,0.75);
#879=CIRCLE('',#2813,0.75);
#880=CIRCLE('',#2815,0.35);
#881=CIRCLE('',#2816,0.1);
#882=CIRCLE('',#2817,0.45);
#883=CIRCLE('',#2818,0.45);
#884=CIRCLE('',#2820,0.35);
#885=CIRCLE('',#2821,0.1);
#886=CIRCLE('',#2822,0.45);
#887=CIRCLE('',#2823,0.45);
#888=CIRCLE('',#2825,0.45);
#889=CIRCLE('',#2827,0.45);
#890=CIRCLE('',#2829,0.75);
#891=CIRCLE('',#2831,0.75);
#892=CIRCLE('',#2834,1.);
#893=CIRCLE('',#2837,1.);
#894=CIRCLE('',#2839,1.29);
#895=CIRCLE('',#2841,1.29);
#896=CIRCLE('',#2843,0.515);
#897=CIRCLE('',#2844,0.515);
#898=CIRCLE('',#2846,0.515);
#899=CIRCLE('',#2847,0.515);
#900=CIRCLE('',#2849,0.525);
#901=CIRCLE('',#2850,0.525);
#902=CIRCLE('',#2851,0.525);
#903=CIRCLE('',#2853,0.525);
#904=CIRCLE('',#2854,0.525);
#905=CIRCLE('',#2855,0.525);
#906=CIRCLE('',#2857,0.46);
#907=CIRCLE('',#2858,0.46);
#908=CIRCLE('',#2860,1.4);
#909=CIRCLE('',#2861,0.1);
#910=CIRCLE('',#2862,1.3);
#911=CIRCLE('',#2863,1.3);
#912=CIRCLE('',#2865,1.4);
#913=CIRCLE('',#2866,0.1);
#914=CIRCLE('',#2867,1.3);
#915=CIRCLE('',#2868,1.3);
#916=CIRCLE('',#2870,1.25);
#917=CIRCLE('',#2871,1.25);
#918=CIRCLE('',#2873,1.29);
#919=CIRCLE('',#2874,1.29);
#920=CIRCLE('',#2876,1.25);
#921=CIRCLE('',#2877,1.25);
#922=CIRCLE('',#2879,1.29);
#923=CIRCLE('',#2880,1.29);
#924=CIRCLE('',#2882,1.3);
#925=CIRCLE('',#2884,1.3);
#926=CIRCLE('',#2886,0.46);
#927=CIRCLE('',#2887,0.46);
#928=CIRCLE('',#2889,0.2);
#929=CIRCLE('',#2891,0.2);
#930=CIRCLE('',#2893,1.9);
#931=CIRCLE('',#2894,0.5);
#932=CIRCLE('',#2895,0.5);
#933=CIRCLE('',#2896,0.2);
#934=CIRCLE('',#2897,0.2);
#935=CIRCLE('',#2898,0.2);
#936=CIRCLE('',#2899,0.2);
#937=CIRCLE('',#2900,0.2);
#938=CIRCLE('',#2901,0.2);
#939=CIRCLE('',#2902,0.5);
#940=CIRCLE('',#2903,0.5);
#941=CIRCLE('',#2904,1.9);
#942=CIRCLE('',#2905,0.2);
#943=CIRCLE('',#2906,0.2);
#944=CIRCLE('',#2908,0.2);
#945=CIRCLE('',#2909,0.2);
#946=CIRCLE('',#2912,0.2);
#947=CIRCLE('',#2913,0.2);
#948=CIRCLE('',#2915,1.9);
#949=CIRCLE('',#2918,0.2);
#950=CIRCLE('',#2921,0.2);
#951=CIRCLE('',#2924,1.9);
#952=CIRCLE('',#2926,0.5);
#953=CIRCLE('',#2929,0.5);
#954=CIRCLE('',#2932,0.2);
#955=CIRCLE('',#2935,0.2);
#956=CIRCLE('',#2938,0.2);
#957=CIRCLE('',#2941,0.2);
#958=CIRCLE('',#2944,0.2);
#959=CIRCLE('',#2947,0.2);
#960=CIRCLE('',#2950,0.5);
#961=CIRCLE('',#2953,0.5);
#962=CIRCLE('',#2955,0.6);
#963=CIRCLE('',#2956,1.8);
#964=CIRCLE('',#2957,0.0999999999999994);
#965=CIRCLE('',#2958,0.0999999999999998);
#966=CIRCLE('',#2959,1.8);
#967=CIRCLE('',#2960,0.6);
#968=CIRCLE('',#2961,0.6);
#969=CIRCLE('',#2962,0.1);
#970=CIRCLE('',#2963,0.1);
#971=CIRCLE('',#2964,0.0999999999999998);
#972=CIRCLE('',#2965,0.0999999999999998);
#973=CIRCLE('',#2966,0.0999999999999994);
#974=CIRCLE('',#2967,0.0999999999999994);
#975=CIRCLE('',#2968,0.6);
#976=CIRCLE('',#2976,0.1);
#977=CIRCLE('',#2977,0.1);
#978=CIRCLE('',#2978,0.1);
#979=CIRCLE('',#2979,0.1);
#980=CIRCLE('',#2981,0.1);
#981=CIRCLE('',#2983,0.0999999999999999);
#982=CIRCLE('',#2984,0.0999999999999994);
#983=CIRCLE('',#2986,0.0999999999999998);
#984=CIRCLE('',#2988,0.1);
#985=CIRCLE('',#2990,0.0999999999999998);
#986=CIRCLE('',#2991,0.1);
#987=CIRCLE('',#2993,0.1);
#988=CIRCLE('',#2995,0.1);
#989=CIRCLE('',#2997,0.1);
#990=CIRCLE('',#2998,0.1);
#991=CIRCLE('',#3000,0.1);
#992=CIRCLE('',#3002,0.1);
#993=CIRCLE('',#3003,0.1);
#994=CIRCLE('',#3004,0.1);
#995=CIRCLE('',#3006,0.0999999999999994);
#996=CIRCLE('',#3008,0.1);
#997=CIRCLE('',#3009,0.1);
#998=CIRCLE('',#3011,0.0999999999999998);
#999=CIRCLE('',#3013,0.1);
#1000=CIRCLE('',#3015,0.0999999999999998);
#1001=CIRCLE('',#3017,0.1);
#1002=CIRCLE('',#3040,0.1);
#1003=CIRCLE('',#3041,0.1);
#1004=CIRCLE('',#3042,0.0999999999999998);
#1005=CIRCLE('',#3044,0.1);
#1006=CIRCLE('',#3046,0.0999999999999998);
#1007=CIRCLE('',#3048,0.1);
#1008=CIRCLE('',#3050,0.1);
#1009=CIRCLE('',#3051,0.1);
#1010=CIRCLE('',#3053,0.1);
#1011=CIRCLE('',#3055,0.0999999999999998);
#1012=CIRCLE('',#3056,0.1);
#1013=CIRCLE('',#3057,0.1);
#1014=CIRCLE('',#3059,0.1);
#1015=CIRCLE('',#3060,0.0999999999999998);
#1016=CIRCLE('',#3062,0.1);
#1017=CIRCLE('',#3064,0.1);
#1018=CIRCLE('',#3066,0.0999999999999998);
#1019=CIRCLE('',#3068,0.0999999999999998);
#1020=CIRCLE('',#3069,0.0999999999999998);
#1021=CIRCLE('',#3071,0.1);
#1022=CIRCLE('',#3073,0.1);
#1023=CIRCLE('',#3075,0.0999999999999998);
#1024=CIRCLE('',#3077,0.1);
#1025=CIRCLE('',#3078,0.1);
#1026=CIRCLE('',#3080,0.1);
#1027=CIRCLE('',#3082,0.0999999999999998);
#1028=CIRCLE('',#3084,0.1);
#1029=CIRCLE('',#3086,0.1);
#1030=CIRCLE('',#3087,0.1);
#1031=CIRCLE('',#3089,0.0999999999999998);
#1032=CIRCLE('',#3091,0.1);
#1033=CIRCLE('',#3092,0.1);
#1034=CIRCLE('',#3094,0.1);
#1035=CIRCLE('',#3096,0.1);
#1036=CIRCLE('',#3098,0.1);
#1037=CIRCLE('',#3100,0.0999999999999998);
#1038=CIRCLE('',#3102,0.1);
#1039=CIRCLE('',#3104,0.1);
#1040=CIRCLE('',#3106,0.1);
#1041=CIRCLE('',#3108,0.1);
#1042=CIRCLE('',#3110,0.1);
#1043=CIRCLE('',#3111,0.1);
#1044=CIRCLE('',#3113,0.1);
#1045=CIRCLE('',#3115,0.1);
#1046=CIRCLE('',#3117,0.1);
#1047=CIRCLE('',#3119,0.1);
#1048=CIRCLE('',#3120,0.0999999999999998);
#1049=CIRCLE('',#3122,0.0999999999999998);
#1050=CIRCLE('',#3124,0.1);
#1051=CIRCLE('',#3126,0.1);
#1052=CIRCLE('',#3128,0.1);
#1053=CIRCLE('',#3130,0.1);
#1054=CIRCLE('',#3132,0.1);
#1055=CIRCLE('',#3134,0.1);
#1056=CIRCLE('',#3136,0.1);
#1057=CIRCLE('',#3138,0.1);
#1058=CIRCLE('',#3140,0.0999999999999998);
#1059=CIRCLE('',#3141,0.1);
#1060=CIRCLE('',#3143,0.0999999999999998);
#1061=CIRCLE('',#3145,0.0999999999999998);
#1062=CIRCLE('',#3147,0.1);
#1063=CIRCLE('',#3149,0.1);
#1064=CIRCLE('',#3151,0.0999999999999998);
#1065=CIRCLE('',#3153,0.0999999999999998);
#1066=VERTEX_POINT('',#4071);
#1067=VERTEX_POINT('',#4072);
#1068=VERTEX_POINT('',#4075);
#1069=VERTEX_POINT('',#4077);
#1070=VERTEX_POINT('',#4081);
#1071=VERTEX_POINT('',#4082);
#1072=VERTEX_POINT('',#4085);
#1073=VERTEX_POINT('',#4087);
#1074=VERTEX_POINT('',#4091);
#1075=VERTEX_POINT('',#4092);
#1076=VERTEX_POINT('',#4095);
#1077=VERTEX_POINT('',#4099);
#1078=VERTEX_POINT('',#4100);
#1079=VERTEX_POINT('',#4103);
#1080=VERTEX_POINT('',#4107);
#1081=VERTEX_POINT('',#4109);
#1082=VERTEX_POINT('',#4111);
#1083=VERTEX_POINT('',#4115);
#1084=VERTEX_POINT('',#4117);
#1085=VERTEX_POINT('',#4121);
#1086=VERTEX_POINT('',#4123);
#1087=VERTEX_POINT('',#4125);
#1088=VERTEX_POINT('',#4129);
#1089=VERTEX_POINT('',#4131);
#1090=VERTEX_POINT('',#4133);
#1091=VERTEX_POINT('',#4137);
#1092=VERTEX_POINT('',#4139);
#1093=VERTEX_POINT('',#4141);
#1094=VERTEX_POINT('',#4145);
#1095=VERTEX_POINT('',#4147);
#1096=VERTEX_POINT('',#4149);
#1097=VERTEX_POINT('',#4153);
#1098=VERTEX_POINT('',#4157);
#1099=VERTEX_POINT('',#4161);
#1100=VERTEX_POINT('',#4165);
#1101=VERTEX_POINT('',#4171);
#1102=VERTEX_POINT('',#4177);
#1103=VERTEX_POINT('',#4181);
#1104=VERTEX_POINT('',#4185);
#1105=VERTEX_POINT('',#4189);
#1106=VERTEX_POINT('',#4191);
#1107=VERTEX_POINT('',#4195);
#1108=VERTEX_POINT('',#4197);
#1109=VERTEX_POINT('',#4201);
#1110=VERTEX_POINT('',#4203);
#1111=VERTEX_POINT('',#4205);
#1112=VERTEX_POINT('',#4207);
#1113=VERTEX_POINT('',#4242);
#1114=VERTEX_POINT('',#4244);
#1115=VERTEX_POINT('',#4246);
#1116=VERTEX_POINT('',#4248);
#1117=VERTEX_POINT('',#4283);
#1118=VERTEX_POINT('',#4285);
#1119=VERTEX_POINT('',#4289);
#1120=VERTEX_POINT('',#4291);
#1121=VERTEX_POINT('',#4293);
#1122=VERTEX_POINT('',#4297);
#1123=VERTEX_POINT('',#4299);
#1124=VERTEX_POINT('',#4301);
#1125=VERTEX_POINT('',#4305);
#1126=VERTEX_POINT('',#4307);
#1127=VERTEX_POINT('',#4311);
#1128=VERTEX_POINT('',#4313);
#1129=VERTEX_POINT('',#4317);
#1130=VERTEX_POINT('',#4319);
#1131=VERTEX_POINT('',#4323);
#1132=VERTEX_POINT('',#4325);
#1133=VERTEX_POINT('',#4329);
#1134=VERTEX_POINT('',#4333);
#1135=VERTEX_POINT('',#4337);
#1136=VERTEX_POINT('',#4339);
#1137=VERTEX_POINT('',#4343);
#1138=VERTEX_POINT('',#4344);
#1139=VERTEX_POINT('',#4373);
#1140=VERTEX_POINT('',#4375);
#1141=VERTEX_POINT('',#4377);
#1142=VERTEX_POINT('',#4379);
#1143=VERTEX_POINT('',#4381);
#1144=VERTEX_POINT('',#4383);
#1145=VERTEX_POINT('',#4385);
#1146=VERTEX_POINT('',#4389);
#1147=VERTEX_POINT('',#4390);
#1148=VERTEX_POINT('',#4392);
#1149=VERTEX_POINT('',#4394);
#1150=VERTEX_POINT('',#4423);
#1151=VERTEX_POINT('',#4425);
#1152=VERTEX_POINT('',#4427);
#1153=VERTEX_POINT('',#4429);
#1154=VERTEX_POINT('',#4431);
#1155=VERTEX_POINT('',#4435);
#1156=VERTEX_POINT('',#4436);
#1157=VERTEX_POINT('',#4438);
#1158=VERTEX_POINT('',#4440);
#1159=VERTEX_POINT('',#4443);
#1160=VERTEX_POINT('',#4444);
#1161=VERTEX_POINT('',#4446);
#1162=VERTEX_POINT('',#4448);
#1163=VERTEX_POINT('',#4450);
#1164=VERTEX_POINT('',#4452);
#1165=VERTEX_POINT('',#4454);
#1166=VERTEX_POINT('',#4456);
#1167=VERTEX_POINT('',#4458);
#1168=VERTEX_POINT('',#4460);
#1169=VERTEX_POINT('',#4462);
#1170=VERTEX_POINT('',#4464);
#1171=VERTEX_POINT('',#4466);
#1172=VERTEX_POINT('',#4468);
#1173=VERTEX_POINT('',#4470);
#1174=VERTEX_POINT('',#4472);
#1175=VERTEX_POINT('',#4474);
#1176=VERTEX_POINT('',#4476);
#1177=VERTEX_POINT('',#4478);
#1178=VERTEX_POINT('',#4480);
#1179=VERTEX_POINT('',#4482);
#1180=VERTEX_POINT('',#4484);
#1181=VERTEX_POINT('',#4486);
#1182=VERTEX_POINT('',#4488);
#1183=VERTEX_POINT('',#4490);
#1184=VERTEX_POINT('',#4492);
#1185=VERTEX_POINT('',#4496);
#1186=VERTEX_POINT('',#4497);
#1187=VERTEX_POINT('',#4499);
#1188=VERTEX_POINT('',#4501);
#1189=VERTEX_POINT('',#4503);
#1190=VERTEX_POINT('',#4505);
#1191=VERTEX_POINT('',#4507);
#1192=VERTEX_POINT('',#4509);
#1193=VERTEX_POINT('',#4511);
#1194=VERTEX_POINT('',#4513);
#1195=VERTEX_POINT('',#4517);
#1196=VERTEX_POINT('',#4518);
#1197=VERTEX_POINT('',#4520);
#1198=VERTEX_POINT('',#4522);
#1199=VERTEX_POINT('',#4526);
#1200=VERTEX_POINT('',#4527);
#1201=VERTEX_POINT('',#4529);
#1202=VERTEX_POINT('',#4531);
#1203=VERTEX_POINT('',#4533);
#1204=VERTEX_POINT('',#4535);
#1205=VERTEX_POINT('',#4537);
#1206=VERTEX_POINT('',#4539);
#1207=VERTEX_POINT('',#4541);
#1208=VERTEX_POINT('',#4543);
#1209=VERTEX_POINT('',#4547);
#1210=VERTEX_POINT('',#4549);
#1211=VERTEX_POINT('',#4553);
#1212=VERTEX_POINT('',#4557);
#1213=VERTEX_POINT('',#4561);
#1214=VERTEX_POINT('',#4565);
#1215=VERTEX_POINT('',#4569);
#1216=VERTEX_POINT('',#4573);
#1217=VERTEX_POINT('',#4577);
#1218=VERTEX_POINT('',#4581);
#1219=VERTEX_POINT('',#4585);
#1220=VERTEX_POINT('',#4589);
#1221=VERTEX_POINT('',#4593);
#1222=VERTEX_POINT('',#4597);
#1223=VERTEX_POINT('',#4601);
#1224=VERTEX_POINT('',#4605);
#1225=VERTEX_POINT('',#4609);
#1226=VERTEX_POINT('',#4613);
#1227=VERTEX_POINT('',#4617);
#1228=VERTEX_POINT('',#4621);
#1229=VERTEX_POINT('',#4625);
#1230=VERTEX_POINT('',#4629);
#1231=VERTEX_POINT('',#4633);
#1232=VERTEX_POINT('',#4637);
#1233=VERTEX_POINT('',#4641);
#1234=VERTEX_POINT('',#4645);
#1235=VERTEX_POINT('',#4651);
#1236=VERTEX_POINT('',#4652);
#1237=VERTEX_POINT('',#4654);
#1238=VERTEX_POINT('',#4656);
#1239=VERTEX_POINT('',#4658);
#1240=VERTEX_POINT('',#4660);
#1241=VERTEX_POINT('',#4662);
#1242=VERTEX_POINT('',#4664);
#1243=VERTEX_POINT('',#4666);
#1244=VERTEX_POINT('',#4668);
#1245=VERTEX_POINT('',#4670);
#1246=VERTEX_POINT('',#4672);
#1247=VERTEX_POINT('',#4674);
#1248=VERTEX_POINT('',#4676);
#1249=VERTEX_POINT('',#4678);
#1250=VERTEX_POINT('',#4680);
#1251=VERTEX_POINT('',#4682);
#1252=VERTEX_POINT('',#4684);
#1253=VERTEX_POINT('',#4686);
#1254=VERTEX_POINT('',#4688);
#1255=VERTEX_POINT('',#4690);
#1256=VERTEX_POINT('',#4692);
#1257=VERTEX_POINT('',#4694);
#1258=VERTEX_POINT('',#4696);
#1259=VERTEX_POINT('',#4698);
#1260=VERTEX_POINT('',#4700);
#1261=VERTEX_POINT('',#4826);
#1262=VERTEX_POINT('',#4827);
#1263=VERTEX_POINT('',#4830);
#1264=VERTEX_POINT('',#4832);
#1265=VERTEX_POINT('',#4836);
#1266=VERTEX_POINT('',#4837);
#1267=VERTEX_POINT('',#4839);
#1268=VERTEX_POINT('',#4841);
#1269=VERTEX_POINT('',#4845);
#1270=VERTEX_POINT('',#4846);
#1271=VERTEX_POINT('',#4848);
#1272=VERTEX_POINT('',#4850);
#1273=VERTEX_POINT('',#4854);
#1274=VERTEX_POINT('',#4855);
#1275=VERTEX_POINT('',#4857);
#1276=VERTEX_POINT('',#4859);
#1277=VERTEX_POINT('',#4863);
#1278=VERTEX_POINT('',#4865);
#1279=VERTEX_POINT('',#4867);
#1280=VERTEX_POINT('',#4869);
#1281=VERTEX_POINT('',#4873);
#1282=VERTEX_POINT('',#4874);
#1283=VERTEX_POINT('',#4876);
#1284=VERTEX_POINT('',#4878);
#1285=EDGE_CURVE('',#1066,#1067,#847,.T.);
#1286=EDGE_CURVE('',#1067,#1066,#848,.T.);
#1287=EDGE_CURVE('',#1066,#1068,#849,.T.);
#1288=EDGE_CURVE('',#1069,#1068,#850,.T.);
#1289=EDGE_CURVE('',#1068,#1069,#851,.T.);
#1290=EDGE_CURVE('',#1070,#1071,#852,.T.);
#1291=EDGE_CURVE('',#1071,#1070,#853,.T.);
#1292=EDGE_CURVE('',#1070,#1072,#854,.T.);
#1293=EDGE_CURVE('',#1073,#1072,#855,.T.);
#1294=EDGE_CURVE('',#1072,#1073,#856,.T.);
#1295=EDGE_CURVE('',#1074,#1075,#857,.T.);
#1296=EDGE_CURVE('',#1075,#1074,#858,.T.);
#1297=EDGE_CURVE('',#1075,#1076,#859,.T.);
#1298=EDGE_CURVE('',#1076,#1076,#860,.T.);
#1299=EDGE_CURVE('',#1077,#1078,#861,.T.);
#1300=EDGE_CURVE('',#1078,#1077,#862,.T.);
#1301=EDGE_CURVE('',#1078,#1079,#863,.T.);
#1302=EDGE_CURVE('',#1079,#1079,#864,.T.);
#1303=EDGE_CURVE('',#1080,#1080,#865,.T.);
#1304=EDGE_CURVE('',#1080,#1081,#866,.T.);
#1305=EDGE_CURVE('',#1082,#1081,#867,.T.);
#1306=EDGE_CURVE('',#1081,#1082,#868,.T.);
#1307=EDGE_CURVE('',#1083,#1083,#869,.T.);
#1308=EDGE_CURVE('',#1083,#1084,#870,.T.);
#1309=EDGE_CURVE('',#1084,#1084,#871,.T.);
#1310=EDGE_CURVE('',#1085,#1085,#872,.T.);
#1311=EDGE_CURVE('',#1085,#1086,#873,.T.);
#1312=EDGE_CURVE('',#1087,#1086,#874,.T.);
#1313=EDGE_CURVE('',#1086,#1087,#875,.T.);
#1314=EDGE_CURVE('',#1088,#1088,#876,.T.);
#1315=EDGE_CURVE('',#1088,#1089,#877,.T.);
#1316=EDGE_CURVE('',#1090,#1089,#878,.T.);
#1317=EDGE_CURVE('',#1089,#1090,#879,.T.);
#1318=EDGE_CURVE('',#1091,#1091,#880,.T.);
#1319=EDGE_CURVE('',#1091,#1092,#881,.T.);
#1320=EDGE_CURVE('',#1093,#1092,#882,.T.);
#1321=EDGE_CURVE('',#1092,#1093,#883,.T.);
#1322=EDGE_CURVE('',#1094,#1094,#884,.T.);
#1323=EDGE_CURVE('',#1094,#1095,#885,.T.);
#1324=EDGE_CURVE('',#1096,#1095,#886,.T.);
#1325=EDGE_CURVE('',#1095,#1096,#887,.T.);
#1326=EDGE_CURVE('',#1097,#1097,#888,.T.);
#1327=EDGE_CURVE('',#1097,#1093,#106,.T.);
#1328=EDGE_CURVE('',#1098,#1098,#889,.T.);
#1329=EDGE_CURVE('',#1098,#1096,#107,.T.);
#1330=EDGE_CURVE('',#1099,#1099,#890,.T.);
#1331=EDGE_CURVE('',#1099,#1090,#108,.T.);
#1332=EDGE_CURVE('',#1100,#1100,#891,.T.);
#1333=EDGE_CURVE('',#1100,#1087,#109,.T.);
#1334=EDGE_CURVE('',#1074,#1067,#110,.T.);
#1335=EDGE_CURVE('',#1069,#1101,#111,.T.);
#1336=EDGE_CURVE('',#1101,#1101,#892,.T.);
#1337=EDGE_CURVE('',#1077,#1071,#112,.T.);
#1338=EDGE_CURVE('',#1073,#1102,#113,.T.);
#1339=EDGE_CURVE('',#1102,#1102,#893,.T.);
#1340=EDGE_CURVE('',#1103,#1103,#894,.T.);
#1341=EDGE_CURVE('',#1103,#1083,#114,.T.);
#1342=EDGE_CURVE('',#1104,#1104,#895,.T.);
#1343=EDGE_CURVE('',#1104,#1082,#115,.T.);
#1344=EDGE_CURVE('',#1105,#1105,#896,.T.);
#1345=EDGE_CURVE('',#1105,#1106,#116,.T.);
#1346=EDGE_CURVE('',#1106,#1106,#897,.T.);
#1347=EDGE_CURVE('',#1107,#1107,#898,.T.);
#1348=EDGE_CURVE('',#1107,#1108,#117,.T.);
#1349=EDGE_CURVE('',#1108,#1108,#899,.T.);
#1350=EDGE_CURVE('',#1109,#1109,#900,.T.);
#1351=EDGE_CURVE('',#1109,#1110,#118,.T.);
#1352=EDGE_CURVE('',#1110,#1111,#901,.T.);
#1353=EDGE_CURVE('',#1111,#1112,#102,.T.);
#1354=EDGE_CURVE('',#1112,#1110,#902,.T.);
#1355=EDGE_CURVE('',#1113,#1113,#903,.T.);
#1356=EDGE_CURVE('',#1113,#1114,#119,.T.);
#1357=EDGE_CURVE('',#1114,#1115,#904,.T.);
#1358=EDGE_CURVE('',#1115,#1116,#103,.T.);
#1359=EDGE_CURVE('',#1116,#1114,#905,.T.);
#1360=EDGE_CURVE('',#1117,#1117,#906,.T.);
#1361=EDGE_CURVE('',#1117,#1118,#120,.T.);
#1362=EDGE_CURVE('',#1118,#1118,#907,.T.);
#1363=EDGE_CURVE('',#1119,#1119,#908,.T.);
#1364=EDGE_CURVE('',#1119,#1120,#909,.T.);
#1365=EDGE_CURVE('',#1121,#1120,#910,.T.);
#1366=EDGE_CURVE('',#1120,#1121,#911,.T.);
#1367=EDGE_CURVE('',#1122,#1122,#912,.T.);
#1368=EDGE_CURVE('',#1122,#1123,#913,.T.);
#1369=EDGE_CURVE('',#1124,#1123,#914,.T.);
#1370=EDGE_CURVE('',#1123,#1124,#915,.T.);
#1371=EDGE_CURVE('',#1125,#1125,#916,.T.);
#1372=EDGE_CURVE('',#1125,#1126,#121,.T.);
#1373=EDGE_CURVE('',#1126,#1126,#917,.T.);
#1374=EDGE_CURVE('',#1127,#1127,#918,.T.);
#1375=EDGE_CURVE('',#1127,#1128,#122,.T.);
#1376=EDGE_CURVE('',#1128,#1128,#919,.T.);
#1377=EDGE_CURVE('',#1129,#1129,#920,.T.);
#1378=EDGE_CURVE('',#1129,#1130,#123,.T.);
#1379=EDGE_CURVE('',#1130,#1130,#921,.T.);
#1380=EDGE_CURVE('',#1131,#1131,#922,.T.);
#1381=EDGE_CURVE('',#1131,#1132,#124,.T.);
#1382=EDGE_CURVE('',#1132,#1132,#923,.T.);
#1383=EDGE_CURVE('',#1133,#1133,#924,.T.);
#1384=EDGE_CURVE('',#1133,#1121,#125,.T.);
#1385=EDGE_CURVE('',#1134,#1134,#925,.T.);
#1386=EDGE_CURVE('',#1134,#1124,#126,.T.);
#1387=EDGE_CURVE('',#1135,#1135,#926,.T.);
#1388=EDGE_CURVE('',#1135,#1136,#127,.T.);
#1389=EDGE_CURVE('',#1136,#1136,#927,.T.);
#1390=EDGE_CURVE('',#1137,#1138,#104,.T.);
#1391=EDGE_CURVE('',#1138,#1139,#128,.T.);
#1392=EDGE_CURVE('',#1140,#1139,#928,.T.);
#1393=EDGE_CURVE('',#1140,#1141,#129,.T.);
#1394=EDGE_CURVE('',#1141,#1142,#130,.T.);
#1395=EDGE_CURVE('',#1142,#1143,#131,.T.);
#1396=EDGE_CURVE('',#1143,#1144,#132,.T.);
#1397=EDGE_CURVE('',#1144,#1145,#133,.T.);
#1398=EDGE_CURVE('',#1145,#1137,#134,.T.);
#1399=EDGE_CURVE('',#1146,#1147,#929,.T.);
#1400=EDGE_CURVE('',#1146,#1148,#135,.T.);
#1401=EDGE_CURVE('',#1148,#1149,#105,.T.);
#1402=EDGE_CURVE('',#1149,#1150,#136,.T.);
#1403=EDGE_CURVE('',#1150,#1151,#137,.T.);
#1404=EDGE_CURVE('',#1151,#1152,#138,.T.);
#1405=EDGE_CURVE('',#1152,#1153,#139,.T.);
#1406=EDGE_CURVE('',#1153,#1154,#140,.T.);
#1407=EDGE_CURVE('',#1154,#1147,#141,.T.);
#1408=EDGE_CURVE('',#1155,#1156,#142,.T.);
#1409=EDGE_CURVE('',#1156,#1157,#143,.T.);
#1410=EDGE_CURVE('',#1157,#1158,#144,.T.);
#1411=EDGE_CURVE('',#1158,#1155,#145,.T.);
#1412=EDGE_CURVE('',#1159,#1160,#930,.T.);
#1413=EDGE_CURVE('',#1161,#1159,#931,.T.);
#1414=EDGE_CURVE('',#1162,#1161,#146,.T.);
#1415=EDGE_CURVE('',#1163,#1162,#932,.T.);
#1416=EDGE_CURVE('',#1164,#1163,#147,.T.);
#1417=EDGE_CURVE('',#1165,#1164,#933,.T.);
#1418=EDGE_CURVE('',#1166,#1165,#148,.T.);
#1419=EDGE_CURVE('',#1167,#1166,#934,.T.);
#1420=EDGE_CURVE('',#1168,#1167,#149,.T.);
#1421=EDGE_CURVE('',#1169,#1168,#935,.T.);
#1422=EDGE_CURVE('',#1170,#1169,#150,.T.);
#1423=EDGE_CURVE('',#1171,#1170,#936,.T.);
#1424=EDGE_CURVE('',#1172,#1171,#151,.T.);
#1425=EDGE_CURVE('',#1173,#1172,#937,.T.);
#1426=EDGE_CURVE('',#1174,#1173,#152,.T.);
#1427=EDGE_CURVE('',#1175,#1174,#938,.T.);
#1428=EDGE_CURVE('',#1176,#1175,#153,.T.);
#1429=EDGE_CURVE('',#1177,#1176,#939,.T.);
#1430=EDGE_CURVE('',#1178,#1177,#154,.T.);
#1431=EDGE_CURVE('',#1179,#1178,#940,.T.);
#1432=EDGE_CURVE('',#1180,#1179,#941,.T.);
#1433=EDGE_CURVE('',#1181,#1180,#155,.T.);
#1434=EDGE_CURVE('',#1182,#1181,#942,.T.);
#1435=EDGE_CURVE('',#1183,#1182,#156,.T.);
#1436=EDGE_CURVE('',#1184,#1183,#943,.T.);
#1437=EDGE_CURVE('',#1160,#1184,#157,.T.);
#1438=EDGE_CURVE('',#1185,#1186,#158,.T.);
#1439=EDGE_CURVE('',#1186,#1187,#159,.T.);
#1440=EDGE_CURVE('',#1187,#1188,#160,.T.);
#1441=EDGE_CURVE('',#1188,#1189,#161,.T.);
#1442=EDGE_CURVE('',#1189,#1190,#162,.T.);
#1443=EDGE_CURVE('',#1191,#1190,#944,.T.);
#1444=EDGE_CURVE('',#1191,#1192,#163,.T.);
#1445=EDGE_CURVE('',#1192,#1193,#164,.T.);
#1446=EDGE_CURVE('',#1193,#1194,#165,.T.);
#1447=EDGE_CURVE('',#1185,#1194,#945,.T.);
#1448=EDGE_CURVE('',#1195,#1196,#166,.T.);
#1449=EDGE_CURVE('',#1196,#1197,#167,.T.);
#1450=EDGE_CURVE('',#1197,#1198,#168,.T.);
#1451=EDGE_CURVE('',#1198,#1195,#169,.T.);
#1452=EDGE_CURVE('',#1199,#1200,#170,.T.);
#1453=EDGE_CURVE('',#1200,#1201,#171,.T.);
#1454=EDGE_CURVE('',#1201,#1202,#172,.T.);
#1455=EDGE_CURVE('',#1202,#1203,#173,.T.);
#1456=EDGE_CURVE('',#1203,#1204,#174,.T.);
#1457=EDGE_CURVE('',#1205,#1204,#946,.T.);
#1458=EDGE_CURVE('',#1205,#1206,#175,.T.);
#1459=EDGE_CURVE('',#1206,#1207,#176,.T.);
#1460=EDGE_CURVE('',#1207,#1208,#177,.T.);
#1461=EDGE_CURVE('',#1199,#1208,#947,.T.);
#1462=EDGE_CURVE('',#1209,#1160,#178,.T.);
#1463=EDGE_CURVE('',#1209,#1210,#948,.T.);
#1464=EDGE_CURVE('',#1210,#1159,#179,.T.);
#1465=EDGE_CURVE('',#1211,#1184,#180,.T.);
#1466=EDGE_CURVE('',#1211,#1209,#181,.T.);
#1467=EDGE_CURVE('',#1212,#1183,#182,.T.);
#1468=EDGE_CURVE('',#1212,#1211,#949,.T.);
#1469=EDGE_CURVE('',#1213,#1182,#183,.T.);
#1470=EDGE_CURVE('',#1213,#1212,#184,.T.);
#1471=EDGE_CURVE('',#1214,#1181,#185,.T.);
#1472=EDGE_CURVE('',#1214,#1213,#950,.T.);
#1473=EDGE_CURVE('',#1215,#1180,#186,.T.);
#1474=EDGE_CURVE('',#1215,#1214,#187,.T.);
#1475=EDGE_CURVE('',#1216,#1179,#188,.T.);
#1476=EDGE_CURVE('',#1216,#1215,#951,.T.);
#1477=EDGE_CURVE('',#1217,#1178,#189,.T.);
#1478=EDGE_CURVE('',#1217,#1216,#952,.T.);
#1479=EDGE_CURVE('',#1218,#1177,#190,.T.);
#1480=EDGE_CURVE('',#1218,#1217,#191,.T.);
#1481=EDGE_CURVE('',#1219,#1176,#192,.T.);
#1482=EDGE_CURVE('',#1219,#1218,#953,.T.);
#1483=EDGE_CURVE('',#1220,#1175,#193,.T.);
#1484=EDGE_CURVE('',#1220,#1219,#194,.T.);
#1485=EDGE_CURVE('',#1221,#1174,#195,.T.);
#1486=EDGE_CURVE('',#1221,#1220,#954,.T.);
#1487=EDGE_CURVE('',#1222,#1173,#196,.T.);
#1488=EDGE_CURVE('',#1222,#1221,#197,.T.);
#1489=EDGE_CURVE('',#1223,#1172,#198,.T.);
#1490=EDGE_CURVE('',#1223,#1222,#955,.T.);
#1491=EDGE_CURVE('',#1224,#1171,#199,.T.);
#1492=EDGE_CURVE('',#1224,#1223,#200,.T.);
#1493=EDGE_CURVE('',#1225,#1170,#201,.T.);
#1494=EDGE_CURVE('',#1225,#1224,#956,.T.);
#1495=EDGE_CURVE('',#1226,#1169,#202,.T.);
#1496=EDGE_CURVE('',#1226,#1225,#203,.T.);
#1497=EDGE_CURVE('',#1227,#1168,#204,.T.);
#1498=EDGE_CURVE('',#1227,#1226,#957,.T.);
#1499=EDGE_CURVE('',#1228,#1167,#205,.T.);
#1500=EDGE_CURVE('',#1228,#1227,#206,.T.);
#1501=EDGE_CURVE('',#1229,#1166,#207,.T.);
#1502=EDGE_CURVE('',#1229,#1228,#958,.T.);
#1503=EDGE_CURVE('',#1230,#1165,#208,.T.);
#1504=EDGE_CURVE('',#1230,#1229,#209,.T.);
#1505=EDGE_CURVE('',#1231,#1164,#210,.T.);
#1506=EDGE_CURVE('',#1231,#1230,#959,.T.);
#1507=EDGE_CURVE('',#1232,#1163,#211,.T.);
#1508=EDGE_CURVE('',#1232,#1231,#212,.T.);
#1509=EDGE_CURVE('',#1233,#1162,#213,.T.);
#1510=EDGE_CURVE('',#1233,#1232,#960,.T.);
#1511=EDGE_CURVE('',#1234,#1161,#214,.T.);
#1512=EDGE_CURVE('',#1234,#1233,#215,.T.);
#1513=EDGE_CURVE('',#1210,#1234,#961,.T.);
#1514=EDGE_CURVE('',#1235,#1236,#216,.T.);
#1515=EDGE_CURVE('',#1236,#1237,#962,.T.);
#1516=EDGE_CURVE('',#1237,#1238,#963,.T.);
#1517=EDGE_CURVE('',#1238,#1239,#217,.T.);
#1518=EDGE_CURVE('',#1239,#1240,#964,.T.);
#1519=EDGE_CURVE('',#1240,#1241,#218,.T.);
#1520=EDGE_CURVE('',#1241,#1242,#965,.T.);
#1521=EDGE_CURVE('',#1242,#1243,#219,.T.);
#1522=EDGE_CURVE('',#1243,#1244,#966,.T.);
#1523=EDGE_CURVE('',#1244,#1245,#967,.T.);
#1524=EDGE_CURVE('',#1245,#1246,#220,.T.);
#1525=EDGE_CURVE('',#1246,#1247,#968,.T.);
#1526=EDGE_CURVE('',#1247,#1248,#221,.T.);
#1527=EDGE_CURVE('',#1248,#1249,#969,.T.);
#1528=EDGE_CURVE('',#1249,#1250,#222,.T.);
#1529=EDGE_CURVE('',#1250,#1251,#970,.T.);
#1530=EDGE_CURVE('',#1251,#1252,#223,.T.);
#1531=EDGE_CURVE('',#1252,#1253,#971,.T.);
#1532=EDGE_CURVE('',#1253,#1254,#224,.T.);
#1533=EDGE_CURVE('',#1254,#1255,#972,.T.);
#1534=EDGE_CURVE('',#1255,#1256,#225,.T.);
#1535=EDGE_CURVE('',#1256,#1257,#973,.T.);
#1536=EDGE_CURVE('',#1257,#1258,#226,.T.);
#1537=EDGE_CURVE('',#1258,#1259,#974,.T.);
#1538=EDGE_CURVE('',#1259,#1260,#227,.T.);
#1539=EDGE_CURVE('',#1260,#1235,#975,.T.);
#1540=EDGE_CURVE('',#1221,#1249,#976,.T.);
#1541=EDGE_CURVE('',#1250,#1222,#977,.T.);
#1542=EDGE_CURVE('',#1251,#1223,#978,.T.);
#1543=EDGE_CURVE('',#1220,#1248,#979,.T.);
#1544=EDGE_CURVE('',#1252,#1224,#980,.T.);
#1545=EDGE_CURVE('',#1219,#1247,#981,.T.);
#1546=EDGE_CURVE('',#1253,#1225,#982,.T.);
#1547=EDGE_CURVE('',#1218,#1246,#983,.T.);
#1548=EDGE_CURVE('',#1254,#1226,#984,.T.);
#1549=EDGE_CURVE('',#1217,#1245,#985,.T.);
#1550=EDGE_CURVE('',#1255,#1227,#986,.T.);
#1551=EDGE_CURVE('',#1216,#1244,#987,.T.);
#1552=EDGE_CURVE('',#1256,#1228,#988,.T.);
#1553=EDGE_CURVE('',#1215,#1243,#989,.T.);
#1554=EDGE_CURVE('',#1257,#1229,#990,.T.);
#1555=EDGE_CURVE('',#1214,#1242,#991,.T.);
#1556=EDGE_CURVE('',#1258,#1230,#992,.T.);
#1557=EDGE_CURVE('',#1213,#1241,#993,.T.);
#1558=EDGE_CURVE('',#1259,#1231,#994,.T.);
#1559=EDGE_CURVE('',#1212,#1240,#995,.T.);
#1560=EDGE_CURVE('',#1260,#1232,#996,.T.);
#1561=EDGE_CURVE('',#1211,#1239,#997,.T.);
#1562=EDGE_CURVE('',#1235,#1233,#998,.T.);
#1563=EDGE_CURVE('',#1209,#1238,#999,.T.);
#1564=EDGE_CURVE('',#1236,#1234,#1000,.T.);
#1565=EDGE_CURVE('',#1210,#1237,#1001,.T.);
#1566=EDGE_CURVE('',#1261,#1262,#228,.T.);
#1567=EDGE_CURVE('',#1262,#1115,#229,.T.);
#1568=EDGE_CURVE('',#1116,#1263,#230,.T.);
#1569=EDGE_CURVE('',#1263,#1264,#231,.T.);
#1570=EDGE_CURVE('',#1264,#1261,#232,.T.);
#1571=EDGE_CURVE('',#1265,#1266,#233,.T.);
#1572=EDGE_CURVE('',#1266,#1267,#234,.T.);
#1573=EDGE_CURVE('',#1267,#1268,#235,.T.);
#1574=EDGE_CURVE('',#1268,#1265,#236,.T.);
#1575=EDGE_CURVE('',#1269,#1270,#237,.T.);
#1576=EDGE_CURVE('',#1270,#1271,#238,.T.);
#1577=EDGE_CURVE('',#1271,#1272,#239,.T.);
#1578=EDGE_CURVE('',#1272,#1269,#240,.T.);
#1579=EDGE_CURVE('',#1273,#1274,#241,.T.);
#1580=EDGE_CURVE('',#1274,#1275,#242,.T.);
#1581=EDGE_CURVE('',#1275,#1276,#243,.T.);
#1582=EDGE_CURVE('',#1276,#1273,#244,.T.);
#1583=EDGE_CURVE('',#1112,#1277,#245,.T.);
#1584=EDGE_CURVE('',#1277,#1278,#246,.T.);
#1585=EDGE_CURVE('',#1278,#1279,#247,.T.);
#1586=EDGE_CURVE('',#1279,#1280,#248,.T.);
#1587=EDGE_CURVE('',#1280,#1111,#249,.T.);
#1588=EDGE_CURVE('',#1281,#1282,#250,.T.);
#1589=EDGE_CURVE('',#1282,#1283,#251,.T.);
#1590=EDGE_CURVE('',#1283,#1284,#252,.T.);
#1591=EDGE_CURVE('',#1284,#1281,#253,.T.);
#1592=EDGE_CURVE('',#1146,#1263,#1002,.T.);
#1593=EDGE_CURVE('',#1265,#1147,#1003,.T.);
#1594=EDGE_CURVE('',#1263,#1265,#1004,.T.);
#1595=EDGE_CURVE('',#1266,#1154,#1005,.T.);
#1596=EDGE_CURVE('',#1264,#1268,#1006,.T.);
#1597=EDGE_CURVE('',#1148,#1116,#1007,.T.);
#1598=EDGE_CURVE('',#1206,#1153,#1008,.T.);
#1599=EDGE_CURVE('',#1154,#1205,#1009,.T.);
#1600=EDGE_CURVE('',#1266,#1204,#1010,.T.);
#1601=EDGE_CURVE('',#1264,#1272,#1011,.T.);
#1602=EDGE_CURVE('',#1272,#1268,#1012,.T.);
#1603=EDGE_CURVE('',#1149,#1115,#1013,.T.);
#1604=EDGE_CURVE('',#1206,#1156,#1014,.T.);
#1605=EDGE_CURVE('',#1156,#1153,#1015,.T.);
#1606=EDGE_CURVE('',#1267,#1203,#1016,.T.);
#1607=EDGE_CURVE('',#1269,#1267,#1017,.T.);
#1608=EDGE_CURVE('',#1261,#1271,#1018,.T.);
#1609=EDGE_CURVE('',#1262,#1185,#1019,.T.);
#1610=EDGE_CURVE('',#1186,#1261,#1020,.T.);
#1611=EDGE_CURVE('',#1150,#1262,#1021,.T.);
#1612=EDGE_CURVE('',#1157,#1152,#1022,.T.);
#1613=EDGE_CURVE('',#1207,#1155,#1023,.T.);
#1614=EDGE_CURVE('',#1208,#1141,#1024,.T.);
#1615=EDGE_CURVE('',#1142,#1207,#1025,.T.);
#1616=EDGE_CURVE('',#1269,#1203,#1026,.T.);
#1617=EDGE_CURVE('',#1186,#1271,#1027,.T.);
#1618=EDGE_CURVE('',#1150,#1194,#1028,.T.);
#1619=EDGE_CURVE('',#1157,#1195,#1029,.T.);
#1620=EDGE_CURVE('',#1195,#1152,#1030,.T.);
#1621=EDGE_CURVE('',#1142,#1155,#1031,.T.);
#1622=EDGE_CURVE('',#1273,#1141,#1032,.T.);
#1623=EDGE_CURVE('',#1199,#1273,#1033,.T.);
#1624=EDGE_CURVE('',#1200,#1276,#1034,.T.);
#1625=EDGE_CURVE('',#1270,#1202,#1035,.T.);
#1626=EDGE_CURVE('',#1187,#1270,#1036,.T.);
#1627=EDGE_CURVE('',#1151,#1193,#1037,.T.);
#1628=EDGE_CURVE('',#1196,#1151,#1038,.T.);
#1629=EDGE_CURVE('',#1158,#1198,#1039,.T.);
#1630=EDGE_CURVE('',#1143,#1158,#1040,.T.);
#1631=EDGE_CURVE('',#1274,#1140,#1041,.T.);
#1632=EDGE_CURVE('',#1200,#1284,#1042,.T.);
#1633=EDGE_CURVE('',#1284,#1276,#1043,.T.);
#1634=EDGE_CURVE('',#1187,#1202,#1044,.T.);
#1635=EDGE_CURVE('',#1196,#1193,#1045,.T.);
#1636=EDGE_CURVE('',#1143,#1198,#1046,.T.);
#1637=EDGE_CURVE('',#1280,#1139,#1047,.T.);
#1638=EDGE_CURVE('',#1274,#1280,#1048,.T.);
#1639=EDGE_CURVE('',#1275,#1279,#1049,.T.);
#1640=EDGE_CURVE('',#1281,#1275,#1050,.T.);
#1641=EDGE_CURVE('',#1201,#1283,#1051,.T.);
#1642=EDGE_CURVE('',#1188,#1201,#1052,.T.);
#1643=EDGE_CURVE('',#1197,#1192,#1053,.T.);
#1644=EDGE_CURVE('',#1144,#1197,#1054,.T.);
#1645=EDGE_CURVE('',#1111,#1138,#1055,.T.);
#1646=EDGE_CURVE('',#1281,#1279,#1056,.T.);
#1647=EDGE_CURVE('',#1188,#1283,#1057,.T.);
#1648=EDGE_CURVE('',#1144,#1192,#1058,.T.);
#1649=EDGE_CURVE('',#1112,#1137,#1059,.T.);
#1650=EDGE_CURVE('',#1282,#1278,#1060,.T.);
#1651=EDGE_CURVE('',#1189,#1282,#1061,.T.);
#1652=EDGE_CURVE('',#1145,#1191,#1062,.T.);
#1653=EDGE_CURVE('',#1277,#1145,#1063,.T.);
#1654=EDGE_CURVE('',#1189,#1278,#1064,.T.);
#1655=EDGE_CURVE('',#1277,#1190,#1065,.T.);
#1656=ORIENTED_EDGE('',*,*,#1285,.T.);
#1657=ORIENTED_EDGE('',*,*,#1286,.T.);
#1658=ORIENTED_EDGE('',*,*,#1287,.T.);
#1659=ORIENTED_EDGE('',*,*,#1288,.F.);
#1660=ORIENTED_EDGE('',*,*,#1289,.F.);
#1661=ORIENTED_EDGE('',*,*,#1287,.F.);
#1662=ORIENTED_EDGE('',*,*,#1290,.T.);
#1663=ORIENTED_EDGE('',*,*,#1291,.T.);
#1664=ORIENTED_EDGE('',*,*,#1292,.T.);
#1665=ORIENTED_EDGE('',*,*,#1293,.F.);
#1666=ORIENTED_EDGE('',*,*,#1294,.F.);
#1667=ORIENTED_EDGE('',*,*,#1292,.F.);
#1668=ORIENTED_EDGE('',*,*,#1295,.F.);
#1669=ORIENTED_EDGE('',*,*,#1296,.F.);
#1670=ORIENTED_EDGE('',*,*,#1297,.T.);
#1671=ORIENTED_EDGE('',*,*,#1298,.F.);
#1672=ORIENTED_EDGE('',*,*,#1297,.F.);
#1673=ORIENTED_EDGE('',*,*,#1299,.F.);
#1674=ORIENTED_EDGE('',*,*,#1300,.F.);
#1675=ORIENTED_EDGE('',*,*,#1301,.T.);
#1676=ORIENTED_EDGE('',*,*,#1302,.F.);
#1677=ORIENTED_EDGE('',*,*,#1301,.F.);
#1678=ORIENTED_EDGE('',*,*,#1303,.F.);
#1679=ORIENTED_EDGE('',*,*,#1304,.T.);
#1680=ORIENTED_EDGE('',*,*,#1305,.F.);
#1681=ORIENTED_EDGE('',*,*,#1306,.F.);
#1682=ORIENTED_EDGE('',*,*,#1304,.F.);
#1683=ORIENTED_EDGE('',*,*,#1307,.F.);
#1684=ORIENTED_EDGE('',*,*,#1308,.T.);
#1685=ORIENTED_EDGE('',*,*,#1309,.F.);
#1686=ORIENTED_EDGE('',*,*,#1308,.F.);
#1687=ORIENTED_EDGE('',*,*,#1310,.F.);
#1688=ORIENTED_EDGE('',*,*,#1311,.T.);
#1689=ORIENTED_EDGE('',*,*,#1312,.F.);
#1690=ORIENTED_EDGE('',*,*,#1313,.F.);
#1691=ORIENTED_EDGE('',*,*,#1311,.F.);
#1692=ORIENTED_EDGE('',*,*,#1314,.F.);
#1693=ORIENTED_EDGE('',*,*,#1315,.T.);
#1694=ORIENTED_EDGE('',*,*,#1316,.F.);
#1695=ORIENTED_EDGE('',*,*,#1317,.F.);
#1696=ORIENTED_EDGE('',*,*,#1315,.F.);
#1697=ORIENTED_EDGE('',*,*,#1318,.F.);
#1698=ORIENTED_EDGE('',*,*,#1319,.T.);
#1699=ORIENTED_EDGE('',*,*,#1320,.F.);
#1700=ORIENTED_EDGE('',*,*,#1321,.F.);
#1701=ORIENTED_EDGE('',*,*,#1319,.F.);
#1702=ORIENTED_EDGE('',*,*,#1322,.F.);
#1703=ORIENTED_EDGE('',*,*,#1323,.T.);
#1704=ORIENTED_EDGE('',*,*,#1324,.F.);
#1705=ORIENTED_EDGE('',*,*,#1325,.F.);
#1706=ORIENTED_EDGE('',*,*,#1323,.F.);
#1707=ORIENTED_EDGE('',*,*,#1326,.T.);
#1708=ORIENTED_EDGE('',*,*,#1327,.T.);
#1709=ORIENTED_EDGE('',*,*,#1320,.T.);
#1710=ORIENTED_EDGE('',*,*,#1321,.T.);
#1711=ORIENTED_EDGE('',*,*,#1327,.F.);
#1712=ORIENTED_EDGE('',*,*,#1328,.T.);
#1713=ORIENTED_EDGE('',*,*,#1329,.T.);
#1714=ORIENTED_EDGE('',*,*,#1324,.T.);
#1715=ORIENTED_EDGE('',*,*,#1325,.T.);
#1716=ORIENTED_EDGE('',*,*,#1329,.F.);
#1717=ORIENTED_EDGE('',*,*,#1330,.T.);
#1718=ORIENTED_EDGE('',*,*,#1331,.T.);
#1719=ORIENTED_EDGE('',*,*,#1316,.T.);
#1720=ORIENTED_EDGE('',*,*,#1317,.T.);
#1721=ORIENTED_EDGE('',*,*,#1331,.F.);
#1722=ORIENTED_EDGE('',*,*,#1332,.T.);
#1723=ORIENTED_EDGE('',*,*,#1333,.T.);
#1724=ORIENTED_EDGE('',*,*,#1312,.T.);
#1725=ORIENTED_EDGE('',*,*,#1313,.T.);
#1726=ORIENTED_EDGE('',*,*,#1333,.F.);
#1727=ORIENTED_EDGE('',*,*,#1295,.T.);
#1728=ORIENTED_EDGE('',*,*,#1296,.T.);
#1729=ORIENTED_EDGE('',*,*,#1334,.T.);
#1730=ORIENTED_EDGE('',*,*,#1285,.F.);
#1731=ORIENTED_EDGE('',*,*,#1286,.F.);
#1732=ORIENTED_EDGE('',*,*,#1334,.F.);
#1733=ORIENTED_EDGE('',*,*,#1289,.T.);
#1734=ORIENTED_EDGE('',*,*,#1335,.T.);
#1735=ORIENTED_EDGE('',*,*,#1336,.T.);
#1736=ORIENTED_EDGE('',*,*,#1335,.F.);
#1737=ORIENTED_EDGE('',*,*,#1288,.T.);
#1738=ORIENTED_EDGE('',*,*,#1299,.T.);
#1739=ORIENTED_EDGE('',*,*,#1300,.T.);
#1740=ORIENTED_EDGE('',*,*,#1337,.T.);
#1741=ORIENTED_EDGE('',*,*,#1290,.F.);
#1742=ORIENTED_EDGE('',*,*,#1291,.F.);
#1743=ORIENTED_EDGE('',*,*,#1337,.F.);
#1744=ORIENTED_EDGE('',*,*,#1294,.T.);
#1745=ORIENTED_EDGE('',*,*,#1338,.T.);
#1746=ORIENTED_EDGE('',*,*,#1339,.F.);
#1747=ORIENTED_EDGE('',*,*,#1338,.F.);
#1748=ORIENTED_EDGE('',*,*,#1293,.T.);
#1749=ORIENTED_EDGE('',*,*,#1340,.T.);
#1750=ORIENTED_EDGE('',*,*,#1341,.T.);
#1751=ORIENTED_EDGE('',*,*,#1307,.T.);
#1752=ORIENTED_EDGE('',*,*,#1341,.F.);
#1753=ORIENTED_EDGE('',*,*,#1342,.T.);
#1754=ORIENTED_EDGE('',*,*,#1343,.T.);
#1755=ORIENTED_EDGE('',*,*,#1305,.T.);
#1756=ORIENTED_EDGE('',*,*,#1306,.T.);
#1757=ORIENTED_EDGE('',*,*,#1343,.F.);
#1758=ORIENTED_EDGE('',*,*,#1344,.T.);
#1759=ORIENTED_EDGE('',*,*,#1345,.T.);
#1760=ORIENTED_EDGE('',*,*,#1346,.F.);
#1761=ORIENTED_EDGE('',*,*,#1345,.F.);
#1762=ORIENTED_EDGE('',*,*,#1347,.T.);
#1763=ORIENTED_EDGE('',*,*,#1348,.T.);
#1764=ORIENTED_EDGE('',*,*,#1349,.F.);
#1765=ORIENTED_EDGE('',*,*,#1348,.F.);
#1766=ORIENTED_EDGE('',*,*,#1350,.F.);
#1767=ORIENTED_EDGE('',*,*,#1351,.T.);
#1768=ORIENTED_EDGE('',*,*,#1352,.T.);
#1769=ORIENTED_EDGE('',*,*,#1353,.T.);
#1770=ORIENTED_EDGE('',*,*,#1354,.T.);
#1771=ORIENTED_EDGE('',*,*,#1351,.F.);
#1772=ORIENTED_EDGE('',*,*,#1355,.F.);
#1773=ORIENTED_EDGE('',*,*,#1356,.T.);
#1774=ORIENTED_EDGE('',*,*,#1357,.T.);
#1775=ORIENTED_EDGE('',*,*,#1358,.T.);
#1776=ORIENTED_EDGE('',*,*,#1359,.T.);
#1777=ORIENTED_EDGE('',*,*,#1356,.F.);
#1778=ORIENTED_EDGE('',*,*,#1360,.F.);
#1779=ORIENTED_EDGE('',*,*,#1361,.T.);
#1780=ORIENTED_EDGE('',*,*,#1362,.T.);
#1781=ORIENTED_EDGE('',*,*,#1361,.F.);
#1782=ORIENTED_EDGE('',*,*,#1363,.F.);
#1783=ORIENTED_EDGE('',*,*,#1364,.T.);
#1784=ORIENTED_EDGE('',*,*,#1365,.F.);
#1785=ORIENTED_EDGE('',*,*,#1366,.F.);
#1786=ORIENTED_EDGE('',*,*,#1364,.F.);
#1787=ORIENTED_EDGE('',*,*,#1367,.F.);
#1788=ORIENTED_EDGE('',*,*,#1368,.T.);
#1789=ORIENTED_EDGE('',*,*,#1369,.F.);
#1790=ORIENTED_EDGE('',*,*,#1370,.F.);
#1791=ORIENTED_EDGE('',*,*,#1368,.F.);
#1792=ORIENTED_EDGE('',*,*,#1371,.T.);
#1793=ORIENTED_EDGE('',*,*,#1372,.T.);
#1794=ORIENTED_EDGE('',*,*,#1373,.T.);
#1795=ORIENTED_EDGE('',*,*,#1372,.F.);
#1796=ORIENTED_EDGE('',*,*,#1374,.T.);
#1797=ORIENTED_EDGE('',*,*,#1375,.T.);
#1798=ORIENTED_EDGE('',*,*,#1376,.F.);
#1799=ORIENTED_EDGE('',*,*,#1375,.F.);
#1800=ORIENTED_EDGE('',*,*,#1377,.T.);
#1801=ORIENTED_EDGE('',*,*,#1378,.T.);
#1802=ORIENTED_EDGE('',*,*,#1379,.T.);
#1803=ORIENTED_EDGE('',*,*,#1378,.F.);
#1804=ORIENTED_EDGE('',*,*,#1380,.T.);
#1805=ORIENTED_EDGE('',*,*,#1381,.T.);
#1806=ORIENTED_EDGE('',*,*,#1382,.F.);
#1807=ORIENTED_EDGE('',*,*,#1381,.F.);
#1808=ORIENTED_EDGE('',*,*,#1383,.F.);
#1809=ORIENTED_EDGE('',*,*,#1384,.T.);
#1810=ORIENTED_EDGE('',*,*,#1365,.T.);
#1811=ORIENTED_EDGE('',*,*,#1366,.T.);
#1812=ORIENTED_EDGE('',*,*,#1384,.F.);
#1813=ORIENTED_EDGE('',*,*,#1385,.F.);
#1814=ORIENTED_EDGE('',*,*,#1386,.T.);
#1815=ORIENTED_EDGE('',*,*,#1369,.T.);
#1816=ORIENTED_EDGE('',*,*,#1370,.T.);
#1817=ORIENTED_EDGE('',*,*,#1386,.F.);
#1818=ORIENTED_EDGE('',*,*,#1387,.F.);
#1819=ORIENTED_EDGE('',*,*,#1388,.T.);
#1820=ORIENTED_EDGE('',*,*,#1389,.F.);
#1821=ORIENTED_EDGE('',*,*,#1388,.F.);
#1822=ORIENTED_EDGE('',*,*,#1390,.T.);
#1823=ORIENTED_EDGE('',*,*,#1391,.T.);
#1824=ORIENTED_EDGE('',*,*,#1392,.F.);
#1825=ORIENTED_EDGE('',*,*,#1393,.T.);
#1826=ORIENTED_EDGE('',*,*,#1394,.T.);
#1827=ORIENTED_EDGE('',*,*,#1395,.T.);
#1828=ORIENTED_EDGE('',*,*,#1396,.T.);
#1829=ORIENTED_EDGE('',*,*,#1397,.T.);
#1830=ORIENTED_EDGE('',*,*,#1398,.T.);
#1831=ORIENTED_EDGE('',*,*,#1399,.F.);
#1832=ORIENTED_EDGE('',*,*,#1400,.T.);
#1833=ORIENTED_EDGE('',*,*,#1401,.T.);
#1834=ORIENTED_EDGE('',*,*,#1402,.T.);
#1835=ORIENTED_EDGE('',*,*,#1403,.T.);
#1836=ORIENTED_EDGE('',*,*,#1404,.T.);
#1837=ORIENTED_EDGE('',*,*,#1405,.T.);
#1838=ORIENTED_EDGE('',*,*,#1406,.T.);
#1839=ORIENTED_EDGE('',*,*,#1407,.T.);
#1840=ORIENTED_EDGE('',*,*,#1408,.T.);
#1841=ORIENTED_EDGE('',*,*,#1409,.T.);
#1842=ORIENTED_EDGE('',*,*,#1410,.T.);
#1843=ORIENTED_EDGE('',*,*,#1411,.T.);
#1844=ORIENTED_EDGE('',*,*,#1412,.F.);
#1845=ORIENTED_EDGE('',*,*,#1413,.F.);
#1846=ORIENTED_EDGE('',*,*,#1414,.F.);
#1847=ORIENTED_EDGE('',*,*,#1415,.F.);
#1848=ORIENTED_EDGE('',*,*,#1416,.F.);
#1849=ORIENTED_EDGE('',*,*,#1417,.F.);
#1850=ORIENTED_EDGE('',*,*,#1418,.F.);
#1851=ORIENTED_EDGE('',*,*,#1419,.F.);
#1852=ORIENTED_EDGE('',*,*,#1420,.F.);
#1853=ORIENTED_EDGE('',*,*,#1421,.F.);
#1854=ORIENTED_EDGE('',*,*,#1422,.F.);
#1855=ORIENTED_EDGE('',*,*,#1423,.F.);
#1856=ORIENTED_EDGE('',*,*,#1424,.F.);
#1857=ORIENTED_EDGE('',*,*,#1425,.F.);
#1858=ORIENTED_EDGE('',*,*,#1426,.F.);
#1859=ORIENTED_EDGE('',*,*,#1427,.F.);
#1860=ORIENTED_EDGE('',*,*,#1428,.F.);
#1861=ORIENTED_EDGE('',*,*,#1429,.F.);
#1862=ORIENTED_EDGE('',*,*,#1430,.F.);
#1863=ORIENTED_EDGE('',*,*,#1431,.F.);
#1864=ORIENTED_EDGE('',*,*,#1432,.F.);
#1865=ORIENTED_EDGE('',*,*,#1433,.F.);
#1866=ORIENTED_EDGE('',*,*,#1434,.F.);
#1867=ORIENTED_EDGE('',*,*,#1435,.F.);
#1868=ORIENTED_EDGE('',*,*,#1436,.F.);
#1869=ORIENTED_EDGE('',*,*,#1437,.F.);
#1870=ORIENTED_EDGE('',*,*,#1438,.T.);
#1871=ORIENTED_EDGE('',*,*,#1439,.T.);
#1872=ORIENTED_EDGE('',*,*,#1440,.T.);
#1873=ORIENTED_EDGE('',*,*,#1441,.T.);
#1874=ORIENTED_EDGE('',*,*,#1442,.T.);
#1875=ORIENTED_EDGE('',*,*,#1443,.F.);
#1876=ORIENTED_EDGE('',*,*,#1444,.T.);
#1877=ORIENTED_EDGE('',*,*,#1445,.T.);
#1878=ORIENTED_EDGE('',*,*,#1446,.T.);
#1879=ORIENTED_EDGE('',*,*,#1447,.F.);
#1880=ORIENTED_EDGE('',*,*,#1340,.F.);
#1881=ORIENTED_EDGE('',*,*,#1342,.F.);
#1882=ORIENTED_EDGE('',*,*,#1448,.T.);
#1883=ORIENTED_EDGE('',*,*,#1449,.T.);
#1884=ORIENTED_EDGE('',*,*,#1450,.T.);
#1885=ORIENTED_EDGE('',*,*,#1451,.T.);
#1886=ORIENTED_EDGE('',*,*,#1452,.T.);
#1887=ORIENTED_EDGE('',*,*,#1453,.T.);
#1888=ORIENTED_EDGE('',*,*,#1454,.T.);
#1889=ORIENTED_EDGE('',*,*,#1455,.T.);
#1890=ORIENTED_EDGE('',*,*,#1456,.T.);
#1891=ORIENTED_EDGE('',*,*,#1457,.F.);
#1892=ORIENTED_EDGE('',*,*,#1458,.T.);
#1893=ORIENTED_EDGE('',*,*,#1459,.T.);
#1894=ORIENTED_EDGE('',*,*,#1460,.T.);
#1895=ORIENTED_EDGE('',*,*,#1461,.F.);
#1896=ORIENTED_EDGE('',*,*,#1360,.T.);
#1897=ORIENTED_EDGE('',*,*,#1387,.T.);
#1898=ORIENTED_EDGE('',*,*,#1462,.F.);
#1899=ORIENTED_EDGE('',*,*,#1463,.T.);
#1900=ORIENTED_EDGE('',*,*,#1464,.T.);
#1901=ORIENTED_EDGE('',*,*,#1412,.T.);
#1902=ORIENTED_EDGE('',*,*,#1465,.F.);
#1903=ORIENTED_EDGE('',*,*,#1466,.T.);
#1904=ORIENTED_EDGE('',*,*,#1462,.T.);
#1905=ORIENTED_EDGE('',*,*,#1437,.T.);
#1906=ORIENTED_EDGE('',*,*,#1467,.F.);
#1907=ORIENTED_EDGE('',*,*,#1468,.T.);
#1908=ORIENTED_EDGE('',*,*,#1465,.T.);
#1909=ORIENTED_EDGE('',*,*,#1436,.T.);
#1910=ORIENTED_EDGE('',*,*,#1469,.F.);
#1911=ORIENTED_EDGE('',*,*,#1470,.T.);
#1912=ORIENTED_EDGE('',*,*,#1467,.T.);
#1913=ORIENTED_EDGE('',*,*,#1435,.T.);
#1914=ORIENTED_EDGE('',*,*,#1471,.F.);
#1915=ORIENTED_EDGE('',*,*,#1472,.T.);
#1916=ORIENTED_EDGE('',*,*,#1469,.T.);
#1917=ORIENTED_EDGE('',*,*,#1434,.T.);
#1918=ORIENTED_EDGE('',*,*,#1473,.F.);
#1919=ORIENTED_EDGE('',*,*,#1474,.T.);
#1920=ORIENTED_EDGE('',*,*,#1471,.T.);
#1921=ORIENTED_EDGE('',*,*,#1433,.T.);
#1922=ORIENTED_EDGE('',*,*,#1475,.F.);
#1923=ORIENTED_EDGE('',*,*,#1476,.T.);
#1924=ORIENTED_EDGE('',*,*,#1473,.T.);
#1925=ORIENTED_EDGE('',*,*,#1432,.T.);
#1926=ORIENTED_EDGE('',*,*,#1477,.F.);
#1927=ORIENTED_EDGE('',*,*,#1478,.T.);
#1928=ORIENTED_EDGE('',*,*,#1475,.T.);
#1929=ORIENTED_EDGE('',*,*,#1431,.T.);
#1930=ORIENTED_EDGE('',*,*,#1479,.F.);
#1931=ORIENTED_EDGE('',*,*,#1480,.T.);
#1932=ORIENTED_EDGE('',*,*,#1477,.T.);
#1933=ORIENTED_EDGE('',*,*,#1430,.T.);
#1934=ORIENTED_EDGE('',*,*,#1481,.F.);
#1935=ORIENTED_EDGE('',*,*,#1482,.T.);
#1936=ORIENTED_EDGE('',*,*,#1479,.T.);
#1937=ORIENTED_EDGE('',*,*,#1429,.T.);
#1938=ORIENTED_EDGE('',*,*,#1483,.F.);
#1939=ORIENTED_EDGE('',*,*,#1484,.T.);
#1940=ORIENTED_EDGE('',*,*,#1481,.T.);
#1941=ORIENTED_EDGE('',*,*,#1428,.T.);
#1942=ORIENTED_EDGE('',*,*,#1485,.F.);
#1943=ORIENTED_EDGE('',*,*,#1486,.T.);
#1944=ORIENTED_EDGE('',*,*,#1483,.T.);
#1945=ORIENTED_EDGE('',*,*,#1427,.T.);
#1946=ORIENTED_EDGE('',*,*,#1487,.F.);
#1947=ORIENTED_EDGE('',*,*,#1488,.T.);
#1948=ORIENTED_EDGE('',*,*,#1485,.T.);
#1949=ORIENTED_EDGE('',*,*,#1426,.T.);
#1950=ORIENTED_EDGE('',*,*,#1489,.F.);
#1951=ORIENTED_EDGE('',*,*,#1490,.T.);
#1952=ORIENTED_EDGE('',*,*,#1487,.T.);
#1953=ORIENTED_EDGE('',*,*,#1425,.T.);
#1954=ORIENTED_EDGE('',*,*,#1491,.F.);
#1955=ORIENTED_EDGE('',*,*,#1492,.T.);
#1956=ORIENTED_EDGE('',*,*,#1489,.T.);
#1957=ORIENTED_EDGE('',*,*,#1424,.T.);
#1958=ORIENTED_EDGE('',*,*,#1493,.F.);
#1959=ORIENTED_EDGE('',*,*,#1494,.T.);
#1960=ORIENTED_EDGE('',*,*,#1491,.T.);
#1961=ORIENTED_EDGE('',*,*,#1423,.T.);
#1962=ORIENTED_EDGE('',*,*,#1495,.F.);
#1963=ORIENTED_EDGE('',*,*,#1496,.T.);
#1964=ORIENTED_EDGE('',*,*,#1493,.T.);
#1965=ORIENTED_EDGE('',*,*,#1422,.T.);
#1966=ORIENTED_EDGE('',*,*,#1497,.F.);
#1967=ORIENTED_EDGE('',*,*,#1498,.T.);
#1968=ORIENTED_EDGE('',*,*,#1495,.T.);
#1969=ORIENTED_EDGE('',*,*,#1421,.T.);
#1970=ORIENTED_EDGE('',*,*,#1499,.F.);
#1971=ORIENTED_EDGE('',*,*,#1500,.T.);
#1972=ORIENTED_EDGE('',*,*,#1497,.T.);
#1973=ORIENTED_EDGE('',*,*,#1420,.T.);
#1974=ORIENTED_EDGE('',*,*,#1501,.F.);
#1975=ORIENTED_EDGE('',*,*,#1502,.T.);
#1976=ORIENTED_EDGE('',*,*,#1499,.T.);
#1977=ORIENTED_EDGE('',*,*,#1419,.T.);
#1978=ORIENTED_EDGE('',*,*,#1503,.F.);
#1979=ORIENTED_EDGE('',*,*,#1504,.T.);
#1980=ORIENTED_EDGE('',*,*,#1501,.T.);
#1981=ORIENTED_EDGE('',*,*,#1418,.T.);
#1982=ORIENTED_EDGE('',*,*,#1505,.F.);
#1983=ORIENTED_EDGE('',*,*,#1506,.T.);
#1984=ORIENTED_EDGE('',*,*,#1503,.T.);
#1985=ORIENTED_EDGE('',*,*,#1417,.T.);
#1986=ORIENTED_EDGE('',*,*,#1507,.F.);
#1987=ORIENTED_EDGE('',*,*,#1508,.T.);
#1988=ORIENTED_EDGE('',*,*,#1505,.T.);
#1989=ORIENTED_EDGE('',*,*,#1416,.T.);
#1990=ORIENTED_EDGE('',*,*,#1509,.F.);
#1991=ORIENTED_EDGE('',*,*,#1510,.T.);
#1992=ORIENTED_EDGE('',*,*,#1507,.T.);
#1993=ORIENTED_EDGE('',*,*,#1415,.T.);
#1994=ORIENTED_EDGE('',*,*,#1511,.F.);
#1995=ORIENTED_EDGE('',*,*,#1512,.T.);
#1996=ORIENTED_EDGE('',*,*,#1509,.T.);
#1997=ORIENTED_EDGE('',*,*,#1414,.T.);
#1998=ORIENTED_EDGE('',*,*,#1464,.F.);
#1999=ORIENTED_EDGE('',*,*,#1513,.T.);
#2000=ORIENTED_EDGE('',*,*,#1511,.T.);
#2001=ORIENTED_EDGE('',*,*,#1413,.T.);
#2002=ORIENTED_EDGE('',*,*,#1514,.T.);
#2003=ORIENTED_EDGE('',*,*,#1515,.T.);
#2004=ORIENTED_EDGE('',*,*,#1516,.T.);
#2005=ORIENTED_EDGE('',*,*,#1517,.T.);
#2006=ORIENTED_EDGE('',*,*,#1518,.T.);
#2007=ORIENTED_EDGE('',*,*,#1519,.T.);
#2008=ORIENTED_EDGE('',*,*,#1520,.T.);
#2009=ORIENTED_EDGE('',*,*,#1521,.T.);
#2010=ORIENTED_EDGE('',*,*,#1522,.T.);
#2011=ORIENTED_EDGE('',*,*,#1523,.T.);
#2012=ORIENTED_EDGE('',*,*,#1524,.T.);
#2013=ORIENTED_EDGE('',*,*,#1525,.T.);
#2014=ORIENTED_EDGE('',*,*,#1526,.T.);
#2015=ORIENTED_EDGE('',*,*,#1527,.T.);
#2016=ORIENTED_EDGE('',*,*,#1528,.T.);
#2017=ORIENTED_EDGE('',*,*,#1529,.T.);
#2018=ORIENTED_EDGE('',*,*,#1530,.T.);
#2019=ORIENTED_EDGE('',*,*,#1531,.T.);
#2020=ORIENTED_EDGE('',*,*,#1532,.T.);
#2021=ORIENTED_EDGE('',*,*,#1533,.T.);
#2022=ORIENTED_EDGE('',*,*,#1534,.T.);
#2023=ORIENTED_EDGE('',*,*,#1535,.T.);
#2024=ORIENTED_EDGE('',*,*,#1536,.T.);
#2025=ORIENTED_EDGE('',*,*,#1537,.T.);
#2026=ORIENTED_EDGE('',*,*,#1538,.T.);
#2027=ORIENTED_EDGE('',*,*,#1539,.T.);
#2028=ORIENTED_EDGE('',*,*,#1367,.T.);
#2029=ORIENTED_EDGE('',*,*,#1363,.T.);
#2030=ORIENTED_EDGE('',*,*,#1385,.T.);
#2031=ORIENTED_EDGE('',*,*,#1380,.F.);
#2032=ORIENTED_EDGE('',*,*,#1383,.T.);
#2033=ORIENTED_EDGE('',*,*,#1374,.F.);
#2034=ORIENTED_EDGE('',*,*,#1382,.T.);
#2035=ORIENTED_EDGE('',*,*,#1377,.F.);
#2036=ORIENTED_EDGE('',*,*,#1379,.F.);
#2037=ORIENTED_EDGE('',*,*,#1376,.T.);
#2038=ORIENTED_EDGE('',*,*,#1371,.F.);
#2039=ORIENTED_EDGE('',*,*,#1373,.F.);
#2040=ORIENTED_EDGE('',*,*,#1540,.F.);
#2041=ORIENTED_EDGE('',*,*,#1488,.F.);
#2042=ORIENTED_EDGE('',*,*,#1541,.F.);
#2043=ORIENTED_EDGE('',*,*,#1528,.F.);
#2044=ORIENTED_EDGE('',*,*,#1541,.T.);
#2045=ORIENTED_EDGE('',*,*,#1490,.F.);
#2046=ORIENTED_EDGE('',*,*,#1542,.F.);
#2047=ORIENTED_EDGE('',*,*,#1529,.F.);
#2048=ORIENTED_EDGE('',*,*,#1540,.T.);
#2049=ORIENTED_EDGE('',*,*,#1527,.F.);
#2050=ORIENTED_EDGE('',*,*,#1543,.F.);
#2051=ORIENTED_EDGE('',*,*,#1486,.F.);
#2052=ORIENTED_EDGE('',*,*,#1542,.T.);
#2053=ORIENTED_EDGE('',*,*,#1492,.F.);
#2054=ORIENTED_EDGE('',*,*,#1544,.F.);
#2055=ORIENTED_EDGE('',*,*,#1530,.F.);
#2056=ORIENTED_EDGE('',*,*,#1543,.T.);
#2057=ORIENTED_EDGE('',*,*,#1526,.F.);
#2058=ORIENTED_EDGE('',*,*,#1545,.F.);
#2059=ORIENTED_EDGE('',*,*,#1484,.F.);
#2060=ORIENTED_EDGE('',*,*,#1544,.T.);
#2061=ORIENTED_EDGE('',*,*,#1494,.F.);
#2062=ORIENTED_EDGE('',*,*,#1546,.F.);
#2063=ORIENTED_EDGE('',*,*,#1531,.F.);
#2064=ORIENTED_EDGE('',*,*,#1545,.T.);
#2065=ORIENTED_EDGE('',*,*,#1525,.F.);
#2066=ORIENTED_EDGE('',*,*,#1547,.F.);
#2067=ORIENTED_EDGE('',*,*,#1482,.F.);
#2068=ORIENTED_EDGE('',*,*,#1546,.T.);
#2069=ORIENTED_EDGE('',*,*,#1496,.F.);
#2070=ORIENTED_EDGE('',*,*,#1548,.F.);
#2071=ORIENTED_EDGE('',*,*,#1532,.F.);
#2072=ORIENTED_EDGE('',*,*,#1547,.T.);
#2073=ORIENTED_EDGE('',*,*,#1524,.F.);
#2074=ORIENTED_EDGE('',*,*,#1549,.F.);
#2075=ORIENTED_EDGE('',*,*,#1480,.F.);
#2076=ORIENTED_EDGE('',*,*,#1548,.T.);
#2077=ORIENTED_EDGE('',*,*,#1498,.F.);
#2078=ORIENTED_EDGE('',*,*,#1550,.F.);
#2079=ORIENTED_EDGE('',*,*,#1533,.F.);
#2080=ORIENTED_EDGE('',*,*,#1549,.T.);
#2081=ORIENTED_EDGE('',*,*,#1523,.F.);
#2082=ORIENTED_EDGE('',*,*,#1551,.F.);
#2083=ORIENTED_EDGE('',*,*,#1478,.F.);
#2084=ORIENTED_EDGE('',*,*,#1550,.T.);
#2085=ORIENTED_EDGE('',*,*,#1500,.F.);
#2086=ORIENTED_EDGE('',*,*,#1552,.F.);
#2087=ORIENTED_EDGE('',*,*,#1534,.F.);
#2088=ORIENTED_EDGE('',*,*,#1551,.T.);
#2089=ORIENTED_EDGE('',*,*,#1522,.F.);
#2090=ORIENTED_EDGE('',*,*,#1553,.F.);
#2091=ORIENTED_EDGE('',*,*,#1476,.F.);
#2092=ORIENTED_EDGE('',*,*,#1552,.T.);
#2093=ORIENTED_EDGE('',*,*,#1502,.F.);
#2094=ORIENTED_EDGE('',*,*,#1554,.F.);
#2095=ORIENTED_EDGE('',*,*,#1535,.F.);
#2096=ORIENTED_EDGE('',*,*,#1553,.T.);
#2097=ORIENTED_EDGE('',*,*,#1521,.F.);
#2098=ORIENTED_EDGE('',*,*,#1555,.F.);
#2099=ORIENTED_EDGE('',*,*,#1474,.F.);
#2100=ORIENTED_EDGE('',*,*,#1554,.T.);
#2101=ORIENTED_EDGE('',*,*,#1504,.F.);
#2102=ORIENTED_EDGE('',*,*,#1556,.F.);
#2103=ORIENTED_EDGE('',*,*,#1536,.F.);
#2104=ORIENTED_EDGE('',*,*,#1555,.T.);
#2105=ORIENTED_EDGE('',*,*,#1520,.F.);
#2106=ORIENTED_EDGE('',*,*,#1557,.F.);
#2107=ORIENTED_EDGE('',*,*,#1472,.F.);
#2108=ORIENTED_EDGE('',*,*,#1556,.T.);
#2109=ORIENTED_EDGE('',*,*,#1506,.F.);
#2110=ORIENTED_EDGE('',*,*,#1558,.F.);
#2111=ORIENTED_EDGE('',*,*,#1537,.F.);
#2112=ORIENTED_EDGE('',*,*,#1557,.T.);
#2113=ORIENTED_EDGE('',*,*,#1519,.F.);
#2114=ORIENTED_EDGE('',*,*,#1559,.F.);
#2115=ORIENTED_EDGE('',*,*,#1470,.F.);
#2116=ORIENTED_EDGE('',*,*,#1558,.T.);
#2117=ORIENTED_EDGE('',*,*,#1508,.F.);
#2118=ORIENTED_EDGE('',*,*,#1560,.F.);
#2119=ORIENTED_EDGE('',*,*,#1538,.F.);
#2120=ORIENTED_EDGE('',*,*,#1559,.T.);
#2121=ORIENTED_EDGE('',*,*,#1518,.F.);
#2122=ORIENTED_EDGE('',*,*,#1561,.F.);
#2123=ORIENTED_EDGE('',*,*,#1468,.F.);
#2124=ORIENTED_EDGE('',*,*,#1560,.T.);
#2125=ORIENTED_EDGE('',*,*,#1510,.F.);
#2126=ORIENTED_EDGE('',*,*,#1562,.F.);
#2127=ORIENTED_EDGE('',*,*,#1539,.F.);
#2128=ORIENTED_EDGE('',*,*,#1561,.T.);
#2129=ORIENTED_EDGE('',*,*,#1517,.F.);
#2130=ORIENTED_EDGE('',*,*,#1563,.F.);
#2131=ORIENTED_EDGE('',*,*,#1466,.F.);
#2132=ORIENTED_EDGE('',*,*,#1562,.T.);
#2133=ORIENTED_EDGE('',*,*,#1512,.F.);
#2134=ORIENTED_EDGE('',*,*,#1564,.F.);
#2135=ORIENTED_EDGE('',*,*,#1514,.F.);
#2136=ORIENTED_EDGE('',*,*,#1563,.T.);
#2137=ORIENTED_EDGE('',*,*,#1516,.F.);
#2138=ORIENTED_EDGE('',*,*,#1565,.F.);
#2139=ORIENTED_EDGE('',*,*,#1463,.F.);
#2140=ORIENTED_EDGE('',*,*,#1564,.T.);
#2141=ORIENTED_EDGE('',*,*,#1513,.F.);
#2142=ORIENTED_EDGE('',*,*,#1565,.T.);
#2143=ORIENTED_EDGE('',*,*,#1515,.F.);
#2144=ORIENTED_EDGE('',*,*,#1566,.T.);
#2145=ORIENTED_EDGE('',*,*,#1567,.T.);
#2146=ORIENTED_EDGE('',*,*,#1357,.F.);
#2147=ORIENTED_EDGE('',*,*,#1359,.F.);
#2148=ORIENTED_EDGE('',*,*,#1568,.T.);
#2149=ORIENTED_EDGE('',*,*,#1569,.T.);
#2150=ORIENTED_EDGE('',*,*,#1570,.T.);
#2151=ORIENTED_EDGE('',*,*,#1571,.T.);
#2152=ORIENTED_EDGE('',*,*,#1572,.T.);
#2153=ORIENTED_EDGE('',*,*,#1573,.T.);
#2154=ORIENTED_EDGE('',*,*,#1574,.T.);
#2155=ORIENTED_EDGE('',*,*,#1575,.T.);
#2156=ORIENTED_EDGE('',*,*,#1576,.T.);
#2157=ORIENTED_EDGE('',*,*,#1577,.T.);
#2158=ORIENTED_EDGE('',*,*,#1578,.T.);
#2159=ORIENTED_EDGE('',*,*,#1579,.T.);
#2160=ORIENTED_EDGE('',*,*,#1580,.T.);
#2161=ORIENTED_EDGE('',*,*,#1581,.T.);
#2162=ORIENTED_EDGE('',*,*,#1582,.T.);
#2163=ORIENTED_EDGE('',*,*,#1354,.F.);
#2164=ORIENTED_EDGE('',*,*,#1583,.T.);
#2165=ORIENTED_EDGE('',*,*,#1584,.T.);
#2166=ORIENTED_EDGE('',*,*,#1585,.T.);
#2167=ORIENTED_EDGE('',*,*,#1586,.T.);
#2168=ORIENTED_EDGE('',*,*,#1587,.T.);
#2169=ORIENTED_EDGE('',*,*,#1352,.F.);
#2170=ORIENTED_EDGE('',*,*,#1588,.T.);
#2171=ORIENTED_EDGE('',*,*,#1589,.T.);
#2172=ORIENTED_EDGE('',*,*,#1590,.T.);
#2173=ORIENTED_EDGE('',*,*,#1591,.T.);
#2174=ORIENTED_EDGE('',*,*,#1355,.T.);
#2175=ORIENTED_EDGE('',*,*,#1347,.F.);
#2176=ORIENTED_EDGE('',*,*,#1350,.T.);
#2177=ORIENTED_EDGE('',*,*,#1344,.F.);
#2178=ORIENTED_EDGE('',*,*,#1349,.T.);
#2179=ORIENTED_EDGE('',*,*,#1389,.T.);
#2180=ORIENTED_EDGE('',*,*,#1328,.F.);
#2181=ORIENTED_EDGE('',*,*,#1346,.T.);
#2182=ORIENTED_EDGE('',*,*,#1362,.F.);
#2183=ORIENTED_EDGE('',*,*,#1326,.F.);
#2184=ORIENTED_EDGE('',*,*,#1303,.T.);
#2185=ORIENTED_EDGE('',*,*,#1339,.T.);
#2186=ORIENTED_EDGE('',*,*,#1309,.T.);
#2187=ORIENTED_EDGE('',*,*,#1336,.F.);
#2188=ORIENTED_EDGE('',*,*,#1302,.T.);
#2189=ORIENTED_EDGE('',*,*,#1332,.F.);
#2190=ORIENTED_EDGE('',*,*,#1298,.T.);
#2191=ORIENTED_EDGE('',*,*,#1330,.F.);
#2192=ORIENTED_EDGE('',*,*,#1310,.T.);
#2193=ORIENTED_EDGE('',*,*,#1314,.T.);
#2194=ORIENTED_EDGE('',*,*,#1322,.T.);
#2195=ORIENTED_EDGE('',*,*,#1318,.T.);
#2196=ORIENTED_EDGE('',*,*,#1592,.F.);
#2197=ORIENTED_EDGE('',*,*,#1399,.T.);
#2198=ORIENTED_EDGE('',*,*,#1593,.F.);
#2199=ORIENTED_EDGE('',*,*,#1594,.F.);
#2200=ORIENTED_EDGE('',*,*,#1593,.T.);
#2201=ORIENTED_EDGE('',*,*,#1407,.F.);
#2202=ORIENTED_EDGE('',*,*,#1595,.F.);
#2203=ORIENTED_EDGE('',*,*,#1571,.F.);
#2204=ORIENTED_EDGE('',*,*,#1594,.T.);
#2205=ORIENTED_EDGE('',*,*,#1574,.F.);
#2206=ORIENTED_EDGE('',*,*,#1596,.F.);
#2207=ORIENTED_EDGE('',*,*,#1569,.F.);
#2208=ORIENTED_EDGE('',*,*,#1592,.T.);
#2209=ORIENTED_EDGE('',*,*,#1568,.F.);
#2210=ORIENTED_EDGE('',*,*,#1597,.F.);
#2211=ORIENTED_EDGE('',*,*,#1400,.F.);
#2212=ORIENTED_EDGE('',*,*,#1598,.F.);
#2213=ORIENTED_EDGE('',*,*,#1458,.F.);
#2214=ORIENTED_EDGE('',*,*,#1599,.F.);
#2215=ORIENTED_EDGE('',*,*,#1406,.F.);
#2216=ORIENTED_EDGE('',*,*,#1599,.T.);
#2217=ORIENTED_EDGE('',*,*,#1457,.T.);
#2218=ORIENTED_EDGE('',*,*,#1600,.F.);
#2219=ORIENTED_EDGE('',*,*,#1595,.T.);
#2220=ORIENTED_EDGE('',*,*,#1601,.F.);
#2221=ORIENTED_EDGE('',*,*,#1596,.T.);
#2222=ORIENTED_EDGE('',*,*,#1602,.F.);
#2223=ORIENTED_EDGE('',*,*,#1597,.T.);
#2224=ORIENTED_EDGE('',*,*,#1358,.F.);
#2225=ORIENTED_EDGE('',*,*,#1603,.F.);
#2226=ORIENTED_EDGE('',*,*,#1401,.F.);
#2227=ORIENTED_EDGE('',*,*,#1604,.F.);
#2228=ORIENTED_EDGE('',*,*,#1598,.T.);
#2229=ORIENTED_EDGE('',*,*,#1605,.F.);
#2230=ORIENTED_EDGE('',*,*,#1600,.T.);
#2231=ORIENTED_EDGE('',*,*,#1456,.F.);
#2232=ORIENTED_EDGE('',*,*,#1606,.F.);
#2233=ORIENTED_EDGE('',*,*,#1572,.F.);
#2234=ORIENTED_EDGE('',*,*,#1602,.T.);
#2235=ORIENTED_EDGE('',*,*,#1573,.F.);
#2236=ORIENTED_EDGE('',*,*,#1607,.F.);
#2237=ORIENTED_EDGE('',*,*,#1578,.F.);
#2238=ORIENTED_EDGE('',*,*,#1601,.T.);
#2239=ORIENTED_EDGE('',*,*,#1577,.F.);
#2240=ORIENTED_EDGE('',*,*,#1608,.F.);
#2241=ORIENTED_EDGE('',*,*,#1570,.F.);
#2242=ORIENTED_EDGE('',*,*,#1609,.F.);
#2243=ORIENTED_EDGE('',*,*,#1566,.F.);
#2244=ORIENTED_EDGE('',*,*,#1610,.F.);
#2245=ORIENTED_EDGE('',*,*,#1438,.F.);
#2246=ORIENTED_EDGE('',*,*,#1603,.T.);
#2247=ORIENTED_EDGE('',*,*,#1567,.F.);
#2248=ORIENTED_EDGE('',*,*,#1611,.F.);
#2249=ORIENTED_EDGE('',*,*,#1402,.F.);
#2250=ORIENTED_EDGE('',*,*,#1605,.T.);
#2251=ORIENTED_EDGE('',*,*,#1405,.F.);
#2252=ORIENTED_EDGE('',*,*,#1612,.F.);
#2253=ORIENTED_EDGE('',*,*,#1409,.F.);
#2254=ORIENTED_EDGE('',*,*,#1604,.T.);
#2255=ORIENTED_EDGE('',*,*,#1408,.F.);
#2256=ORIENTED_EDGE('',*,*,#1613,.F.);
#2257=ORIENTED_EDGE('',*,*,#1459,.F.);
#2258=ORIENTED_EDGE('',*,*,#1614,.F.);
#2259=ORIENTED_EDGE('',*,*,#1460,.F.);
#2260=ORIENTED_EDGE('',*,*,#1615,.F.);
#2261=ORIENTED_EDGE('',*,*,#1394,.F.);
#2262=ORIENTED_EDGE('',*,*,#1607,.T.);
#2263=ORIENTED_EDGE('',*,*,#1606,.T.);
#2264=ORIENTED_EDGE('',*,*,#1616,.F.);
#2265=ORIENTED_EDGE('',*,*,#1610,.T.);
#2266=ORIENTED_EDGE('',*,*,#1608,.T.);
#2267=ORIENTED_EDGE('',*,*,#1617,.F.);
#2268=ORIENTED_EDGE('',*,*,#1609,.T.);
#2269=ORIENTED_EDGE('',*,*,#1447,.T.);
#2270=ORIENTED_EDGE('',*,*,#1618,.F.);
#2271=ORIENTED_EDGE('',*,*,#1611,.T.);
#2272=ORIENTED_EDGE('',*,*,#1619,.F.);
#2273=ORIENTED_EDGE('',*,*,#1612,.T.);
#2274=ORIENTED_EDGE('',*,*,#1620,.F.);
#2275=ORIENTED_EDGE('',*,*,#1615,.T.);
#2276=ORIENTED_EDGE('',*,*,#1613,.T.);
#2277=ORIENTED_EDGE('',*,*,#1621,.F.);
#2278=ORIENTED_EDGE('',*,*,#1622,.F.);
#2279=ORIENTED_EDGE('',*,*,#1623,.F.);
#2280=ORIENTED_EDGE('',*,*,#1461,.T.);
#2281=ORIENTED_EDGE('',*,*,#1614,.T.);
#2282=ORIENTED_EDGE('',*,*,#1623,.T.);
#2283=ORIENTED_EDGE('',*,*,#1582,.F.);
#2284=ORIENTED_EDGE('',*,*,#1624,.F.);
#2285=ORIENTED_EDGE('',*,*,#1452,.F.);
#2286=ORIENTED_EDGE('',*,*,#1616,.T.);
#2287=ORIENTED_EDGE('',*,*,#1455,.F.);
#2288=ORIENTED_EDGE('',*,*,#1625,.F.);
#2289=ORIENTED_EDGE('',*,*,#1575,.F.);
#2290=ORIENTED_EDGE('',*,*,#1617,.T.);
#2291=ORIENTED_EDGE('',*,*,#1576,.F.);
#2292=ORIENTED_EDGE('',*,*,#1626,.F.);
#2293=ORIENTED_EDGE('',*,*,#1439,.F.);
#2294=ORIENTED_EDGE('',*,*,#1618,.T.);
#2295=ORIENTED_EDGE('',*,*,#1446,.F.);
#2296=ORIENTED_EDGE('',*,*,#1627,.F.);
#2297=ORIENTED_EDGE('',*,*,#1403,.F.);
#2298=ORIENTED_EDGE('',*,*,#1620,.T.);
#2299=ORIENTED_EDGE('',*,*,#1404,.F.);
#2300=ORIENTED_EDGE('',*,*,#1628,.F.);
#2301=ORIENTED_EDGE('',*,*,#1448,.F.);
#2302=ORIENTED_EDGE('',*,*,#1619,.T.);
#2303=ORIENTED_EDGE('',*,*,#1451,.F.);
#2304=ORIENTED_EDGE('',*,*,#1629,.F.);
#2305=ORIENTED_EDGE('',*,*,#1410,.F.);
#2306=ORIENTED_EDGE('',*,*,#1621,.T.);
#2307=ORIENTED_EDGE('',*,*,#1411,.F.);
#2308=ORIENTED_EDGE('',*,*,#1630,.F.);
#2309=ORIENTED_EDGE('',*,*,#1395,.F.);
#2310=ORIENTED_EDGE('',*,*,#1622,.T.);
#2311=ORIENTED_EDGE('',*,*,#1393,.F.);
#2312=ORIENTED_EDGE('',*,*,#1631,.F.);
#2313=ORIENTED_EDGE('',*,*,#1579,.F.);
#2314=ORIENTED_EDGE('',*,*,#1632,.F.);
#2315=ORIENTED_EDGE('',*,*,#1624,.T.);
#2316=ORIENTED_EDGE('',*,*,#1633,.F.);
#2317=ORIENTED_EDGE('',*,*,#1626,.T.);
#2318=ORIENTED_EDGE('',*,*,#1625,.T.);
#2319=ORIENTED_EDGE('',*,*,#1634,.F.);
#2320=ORIENTED_EDGE('',*,*,#1628,.T.);
#2321=ORIENTED_EDGE('',*,*,#1627,.T.);
#2322=ORIENTED_EDGE('',*,*,#1635,.F.);
#2323=ORIENTED_EDGE('',*,*,#1630,.T.);
#2324=ORIENTED_EDGE('',*,*,#1629,.T.);
#2325=ORIENTED_EDGE('',*,*,#1636,.F.);
#2326=ORIENTED_EDGE('',*,*,#1637,.F.);
#2327=ORIENTED_EDGE('',*,*,#1638,.F.);
#2328=ORIENTED_EDGE('',*,*,#1631,.T.);
#2329=ORIENTED_EDGE('',*,*,#1392,.T.);
#2330=ORIENTED_EDGE('',*,*,#1638,.T.);
#2331=ORIENTED_EDGE('',*,*,#1586,.F.);
#2332=ORIENTED_EDGE('',*,*,#1639,.F.);
#2333=ORIENTED_EDGE('',*,*,#1580,.F.);
#2334=ORIENTED_EDGE('',*,*,#1633,.T.);
#2335=ORIENTED_EDGE('',*,*,#1581,.F.);
#2336=ORIENTED_EDGE('',*,*,#1640,.F.);
#2337=ORIENTED_EDGE('',*,*,#1591,.F.);
#2338=ORIENTED_EDGE('',*,*,#1632,.T.);
#2339=ORIENTED_EDGE('',*,*,#1590,.F.);
#2340=ORIENTED_EDGE('',*,*,#1641,.F.);
#2341=ORIENTED_EDGE('',*,*,#1453,.F.);
#2342=ORIENTED_EDGE('',*,*,#1634,.T.);
#2343=ORIENTED_EDGE('',*,*,#1454,.F.);
#2344=ORIENTED_EDGE('',*,*,#1642,.F.);
#2345=ORIENTED_EDGE('',*,*,#1440,.F.);
#2346=ORIENTED_EDGE('',*,*,#1635,.T.);
#2347=ORIENTED_EDGE('',*,*,#1445,.F.);
#2348=ORIENTED_EDGE('',*,*,#1643,.F.);
#2349=ORIENTED_EDGE('',*,*,#1449,.F.);
#2350=ORIENTED_EDGE('',*,*,#1636,.T.);
#2351=ORIENTED_EDGE('',*,*,#1450,.F.);
#2352=ORIENTED_EDGE('',*,*,#1644,.F.);
#2353=ORIENTED_EDGE('',*,*,#1396,.F.);
#2354=ORIENTED_EDGE('',*,*,#1637,.T.);
#2355=ORIENTED_EDGE('',*,*,#1391,.F.);
#2356=ORIENTED_EDGE('',*,*,#1645,.F.);
#2357=ORIENTED_EDGE('',*,*,#1587,.F.);
#2358=ORIENTED_EDGE('',*,*,#1640,.T.);
#2359=ORIENTED_EDGE('',*,*,#1639,.T.);
#2360=ORIENTED_EDGE('',*,*,#1646,.F.);
#2361=ORIENTED_EDGE('',*,*,#1642,.T.);
#2362=ORIENTED_EDGE('',*,*,#1641,.T.);
#2363=ORIENTED_EDGE('',*,*,#1647,.F.);
#2364=ORIENTED_EDGE('',*,*,#1644,.T.);
#2365=ORIENTED_EDGE('',*,*,#1643,.T.);
#2366=ORIENTED_EDGE('',*,*,#1648,.F.);
#2367=ORIENTED_EDGE('',*,*,#1645,.T.);
#2368=ORIENTED_EDGE('',*,*,#1390,.F.);
#2369=ORIENTED_EDGE('',*,*,#1649,.F.);
#2370=ORIENTED_EDGE('',*,*,#1353,.F.);
#2371=ORIENTED_EDGE('',*,*,#1646,.T.);
#2372=ORIENTED_EDGE('',*,*,#1585,.F.);
#2373=ORIENTED_EDGE('',*,*,#1650,.F.);
#2374=ORIENTED_EDGE('',*,*,#1588,.F.);
#2375=ORIENTED_EDGE('',*,*,#1647,.T.);
#2376=ORIENTED_EDGE('',*,*,#1589,.F.);
#2377=ORIENTED_EDGE('',*,*,#1651,.F.);
#2378=ORIENTED_EDGE('',*,*,#1441,.F.);
#2379=ORIENTED_EDGE('',*,*,#1648,.T.);
#2380=ORIENTED_EDGE('',*,*,#1444,.F.);
#2381=ORIENTED_EDGE('',*,*,#1652,.F.);
#2382=ORIENTED_EDGE('',*,*,#1397,.F.);
#2383=ORIENTED_EDGE('',*,*,#1649,.T.);
#2384=ORIENTED_EDGE('',*,*,#1398,.F.);
#2385=ORIENTED_EDGE('',*,*,#1653,.F.);
#2386=ORIENTED_EDGE('',*,*,#1583,.F.);
#2387=ORIENTED_EDGE('',*,*,#1651,.T.);
#2388=ORIENTED_EDGE('',*,*,#1650,.T.);
#2389=ORIENTED_EDGE('',*,*,#1654,.F.);
#2390=ORIENTED_EDGE('',*,*,#1652,.T.);
#2391=ORIENTED_EDGE('',*,*,#1443,.T.);
#2392=ORIENTED_EDGE('',*,*,#1655,.F.);
#2393=ORIENTED_EDGE('',*,*,#1653,.T.);
#2394=ORIENTED_EDGE('',*,*,#1654,.T.);
#2395=ORIENTED_EDGE('',*,*,#1584,.F.);
#2396=ORIENTED_EDGE('',*,*,#1655,.T.);
#2397=ORIENTED_EDGE('',*,*,#1442,.F.);
#2398=TOROIDAL_SURFACE('',#2773,2.,1.);
#2399=TOROIDAL_SURFACE('',#2779,2.,1.);
#2400=TOROIDAL_SURFACE('',#2785,0.9,0.1);
#2401=TOROIDAL_SURFACE('',#2790,0.9,0.1);
#2402=TOROIDAL_SURFACE('',#2795,1.19,0.1);
#2403=TOROIDAL_SURFACE('',#2800,1.19,0.1);
#2404=TOROIDAL_SURFACE('',#2804,0.649999999999999,0.1);
#2405=TOROIDAL_SURFACE('',#2809,0.649999999999999,0.1);
#2406=TOROIDAL_SURFACE('',#2814,0.35,0.1);
#2407=TOROIDAL_SURFACE('',#2819,0.35,0.1);
#2408=TOROIDAL_SURFACE('',#2859,1.4,0.1);
#2409=TOROIDAL_SURFACE('',#2864,1.4,0.1);
#2410=TOROIDAL_SURFACE('',#2985,0.6,0.1);
#2411=TOROIDAL_SURFACE('',#2992,0.6,0.1);
#2412=TOROIDAL_SURFACE('',#2996,1.8,0.1);
#2413=TOROIDAL_SURFACE('',#3010,0.6,0.1);
#2414=TOROIDAL_SURFACE('',#3016,1.8,0.1);
#2415=TOROIDAL_SURFACE('',#3018,0.6,0.1);
#2416=TOROIDAL_SURFACE('',#3039,0.2,0.1);
#2417=TOROIDAL_SURFACE('',#3052,0.2,0.1);
#2418=TOROIDAL_SURFACE('',#3083,0.2,0.1);
#2419=TOROIDAL_SURFACE('',#3090,0.2,0.1);
#2420=TOROIDAL_SURFACE('',#3118,0.2,0.1);
#2421=TOROIDAL_SURFACE('',#3152,0.2,0.1);
#2422=STYLED_ITEM('',(#5092),#2586);
#2423=STYLED_ITEM('',(#5092),#2587);
#2424=STYLED_ITEM('',(#5092),#2588);
#2425=STYLED_ITEM('',(#5092),#2589);
#2426=STYLED_ITEM('',(#5092),#2590);
#2427=STYLED_ITEM('',(#5092),#2591);
#2428=STYLED_ITEM('',(#5092),#2592);
#2429=STYLED_ITEM('',(#5092),#2593);
#2430=STYLED_ITEM('',(#5093),#2594);
#2431=STYLED_ITEM('',(#5093),#2595);
#2432=STYLED_ITEM('',(#5093),#2596);
#2433=STYLED_ITEM('',(#5093),#2597);
#2434=STYLED_ITEM('',(#5092),#2598);
#2435=STYLED_ITEM('',(#5092),#2599);
#2436=STYLED_ITEM('',(#5092),#2600);
#2437=STYLED_ITEM('',(#5092),#2601);
#2438=STYLED_ITEM('',(#5092),#2602);
#2439=STYLED_ITEM('',(#5092),#2603);
#2440=STYLED_ITEM('',(#5092),#2604);
#2441=STYLED_ITEM('',(#5092),#2605);
#2442=STYLED_ITEM('',(#5093),#2606);
#2443=STYLED_ITEM('',(#5093),#2607);
#2444=STYLED_ITEM('',(#5094),#2611);
#2445=STYLED_ITEM('',(#5094),#2612);
#2446=STYLED_ITEM('',(#5092),#2613);
#2447=STYLED_ITEM('',(#5092),#2614);
#2448=STYLED_ITEM('',(#5092),#2615);
#2449=STYLED_ITEM('',(#5092),#2616);
#2450=STYLED_ITEM('',(#5094),#2620);
#2451=STYLED_ITEM('',(#5094),#2621);
#2452=STYLED_ITEM('',(#5094),#2622);
#2453=STYLED_ITEM('',(#5094),#2623);
#2454=STYLED_ITEM('',(#5094),#2624);
#2455=STYLED_ITEM('',(#5094),#2625);
#2456=STYLED_ITEM('',(#5094),#2626);
#2457=STYLED_ITEM('',(#5094),#2627);
#2458=STYLED_ITEM('',(#5094),#2628);
#2459=STYLED_ITEM('',(#5094),#2629);
#2460=STYLED_ITEM('',(#5094),#2630);
#2461=STYLED_ITEM('',(#5094),#2631);
#2462=STYLED_ITEM('',(#5094),#2632);
#2463=STYLED_ITEM('',(#5094),#2633);
#2464=STYLED_ITEM('',(#5094),#2634);
#2465=STYLED_ITEM('',(#5094),#2635);
#2466=STYLED_ITEM('',(#5094),#2636);
#2467=STYLED_ITEM('',(#5094),#2637);
#2468=STYLED_ITEM('',(#5094),#2638);
#2469=STYLED_ITEM('',(#5094),#2639);
#2470=STYLED_ITEM('',(#5094),#2640);
#2471=STYLED_ITEM('',(#5094),#2641);
#2472=STYLED_ITEM('',(#5094),#2642);
#2473=STYLED_ITEM('',(#5094),#2643);
#2474=STYLED_ITEM('',(#5094),#2644);
#2475=STYLED_ITEM('',(#5094),#2645);
#2476=STYLED_ITEM('',(#5094),#2646);
#2477=STYLED_ITEM('',(#5094),#2647);
#2478=STYLED_ITEM('',(#5094),#2648);
#2479=STYLED_ITEM('',(#5094),#2649);
#2480=STYLED_ITEM('',(#5094),#2650);
#2481=STYLED_ITEM('',(#5094),#2651);
#2482=STYLED_ITEM('',(#5094),#2652);
#2483=STYLED_ITEM('',(#5092),#2655);
#2484=STYLED_ITEM('',(#5092),#2656);
#2485=STYLED_ITEM('',(#5092),#2657);
#2486=STYLED_ITEM('',(#5092),#2658);
#2487=STYLED_ITEM('',(#5094),#2659);
#2488=STYLED_ITEM('',(#5094),#2660);
#2489=STYLED_ITEM('',(#5094),#2661);
#2490=STYLED_ITEM('',(#5094),#2662);
#2491=STYLED_ITEM('',(#5094),#2663);
#2492=STYLED_ITEM('',(#5094),#2664);
#2493=STYLED_ITEM('',(#5094),#2665);
#2494=STYLED_ITEM('',(#5094),#2666);
#2495=STYLED_ITEM('',(#5094),#2667);
#2496=STYLED_ITEM('',(#5094),#2668);
#2497=STYLED_ITEM('',(#5094),#2669);
#2498=STYLED_ITEM('',(#5094),#2670);
#2499=STYLED_ITEM('',(#5094),#2671);
#2500=STYLED_ITEM('',(#5094),#2672);
#2501=STYLED_ITEM('',(#5094),#2673);
#2502=STYLED_ITEM('',(#5094),#2674);
#2503=STYLED_ITEM('',(#5094),#2675);
#2504=STYLED_ITEM('',(#5094),#2676);
#2505=STYLED_ITEM('',(#5094),#2677);
#2506=STYLED_ITEM('',(#5094),#2678);
#2507=STYLED_ITEM('',(#5094),#2679);
#2508=STYLED_ITEM('',(#5094),#2680);
#2509=STYLED_ITEM('',(#5094),#2681);
#2510=STYLED_ITEM('',(#5094),#2682);
#2511=STYLED_ITEM('',(#5094),#2683);
#2512=STYLED_ITEM('',(#5094),#2684);
#2513=STYLED_ITEM('',(#5094),#2685);
#2514=STYLED_ITEM('',(#5094),#2686);
#2515=STYLED_ITEM('',(#5094),#2687);
#2516=STYLED_ITEM('',(#5094),#2688);
#2517=STYLED_ITEM('',(#5094),#2689);
#2518=STYLED_ITEM('',(#5094),#2690);
#2519=STYLED_ITEM('',(#5093),#2693);
#2520=STYLED_ITEM('',(#5093),#2694);
#2521=STYLED_ITEM('',(#5093),#2695);
#2522=STYLED_ITEM('',(#5093),#2696);
#2523=STYLED_ITEM('',(#5092),#2697);
#2524=STYLED_ITEM('',(#5092),#2698);
#2525=STYLED_ITEM('',(#5092),#2699);
#2526=STYLED_ITEM('',(#5092),#2700);
#2527=STYLED_ITEM('',(#5092),#2701);
#2528=STYLED_ITEM('',(#5092),#2702);
#2529=STYLED_ITEM('',(#5093),#2703);
#2530=STYLED_ITEM('',(#5093),#2704);
#2531=STYLED_ITEM('',(#5094),#2705);
#2532=STYLED_ITEM('',(#5094),#2706);
#2533=STYLED_ITEM('',(#5094),#2707);
#2534=STYLED_ITEM('',(#5094),#2708);
#2535=STYLED_ITEM('',(#5094),#2709);
#2536=STYLED_ITEM('',(#5094),#2710);
#2537=STYLED_ITEM('',(#5094),#2711);
#2538=STYLED_ITEM('',(#5094),#2712);
#2539=STYLED_ITEM('',(#5094),#2713);
#2540=STYLED_ITEM('',(#5094),#2714);
#2541=STYLED_ITEM('',(#5094),#2715);
#2542=STYLED_ITEM('',(#5094),#2716);
#2543=STYLED_ITEM('',(#5094),#2717);
#2544=STYLED_ITEM('',(#5094),#2718);
#2545=STYLED_ITEM('',(#5094),#2719);
#2546=STYLED_ITEM('',(#5094),#2720);
#2547=STYLED_ITEM('',(#5094),#2721);
#2548=STYLED_ITEM('',(#5094),#2722);
#2549=STYLED_ITEM('',(#5094),#2723);
#2550=STYLED_ITEM('',(#5094),#2724);
#2551=STYLED_ITEM('',(#5094),#2725);
#2552=STYLED_ITEM('',(#5094),#2726);
#2553=STYLED_ITEM('',(#5094),#2727);
#2554=STYLED_ITEM('',(#5094),#2728);
#2555=STYLED_ITEM('',(#5094),#2729);
#2556=STYLED_ITEM('',(#5094),#2730);
#2557=STYLED_ITEM('',(#5094),#2731);
#2558=STYLED_ITEM('',(#5094),#2732);
#2559=STYLED_ITEM('',(#5094),#2733);
#2560=STYLED_ITEM('',(#5094),#2734);
#2561=STYLED_ITEM('',(#5094),#2735);
#2562=STYLED_ITEM('',(#5094),#2736);
#2563=STYLED_ITEM('',(#5094),#2737);
#2564=STYLED_ITEM('',(#5094),#2738);
#2565=STYLED_ITEM('',(#5094),#2739);
#2566=STYLED_ITEM('',(#5094),#2740);
#2567=STYLED_ITEM('',(#5094),#2741);
#2568=STYLED_ITEM('',(#5094),#2742);
#2569=STYLED_ITEM('',(#5094),#2743);
#2570=STYLED_ITEM('',(#5094),#2744);
#2571=STYLED_ITEM('',(#5094),#2745);
#2572=STYLED_ITEM('',(#5094),#2746);
#2573=STYLED_ITEM('',(#5094),#2747);
#2574=STYLED_ITEM('',(#5094),#2748);
#2575=STYLED_ITEM('',(#5094),#2749);
#2576=STYLED_ITEM('',(#5094),#2750);
#2577=STYLED_ITEM('',(#5094),#2751);
#2578=STYLED_ITEM('',(#5094),#2752);
#2579=STYLED_ITEM('',(#5094),#2753);
#2580=STYLED_ITEM('',(#5094),#2754);
#2581=STYLED_ITEM('',(#5094),#2755);
#2582=STYLED_ITEM('',(#5094),#2756);
#2583=STYLED_ITEM('',(#5094),#2757);
#2584=STYLED_ITEM('',(#5094),#2758);
#2585=STYLED_ITEM('',(#5091),#13);
#2586=ADVANCED_FACE('',(#482),#2398,.T.);
#2587=ADVANCED_FACE('',(#483),#2399,.T.);
#2588=ADVANCED_FACE('',(#484),#2400,.T.);
#2589=ADVANCED_FACE('',(#485),#2401,.T.);
#2590=ADVANCED_FACE('',(#486),#2402,.T.);
#2591=ADVANCED_FACE('',(#487),#2403,.T.);
#2592=ADVANCED_FACE('',(#488),#2404,.T.);
#2593=ADVANCED_FACE('',(#489),#2405,.T.);
#2594=ADVANCED_FACE('',(#490),#2406,.T.);
#2595=ADVANCED_FACE('',(#491),#2407,.T.);
#2596=ADVANCED_FACE('',(#492),#402,.T.);
#2597=ADVANCED_FACE('',(#493),#403,.T.);
#2598=ADVANCED_FACE('',(#494),#404,.T.);
#2599=ADVANCED_FACE('',(#495),#405,.T.);
#2600=ADVANCED_FACE('',(#496),#406,.T.);
#2601=ADVANCED_FACE('',(#497),#407,.T.);
#2602=ADVANCED_FACE('',(#498),#408,.T.);
#2603=ADVANCED_FACE('',(#499),#409,.T.);
#2604=ADVANCED_FACE('',(#500),#410,.T.);
#2605=ADVANCED_FACE('',(#501),#411,.T.);
#2606=ADVANCED_FACE('',(#502),#412,.T.);
#2607=ADVANCED_FACE('',(#503),#413,.T.);
#2608=ADVANCED_FACE('',(#504),#414,.F.);
#2609=ADVANCED_FACE('',(#505),#415,.F.);
#2610=ADVANCED_FACE('',(#506),#416,.F.);
#2611=ADVANCED_FACE('',(#507),#2408,.T.);
#2612=ADVANCED_FACE('',(#508),#2409,.T.);
#2613=ADVANCED_FACE('',(#509),#417,.F.);
#2614=ADVANCED_FACE('',(#510),#418,.T.);
#2615=ADVANCED_FACE('',(#511),#419,.F.);
#2616=ADVANCED_FACE('',(#512),#420,.T.);
#2617=ADVANCED_FACE('',(#513),#421,.F.);
#2618=ADVANCED_FACE('',(#514),#422,.F.);
#2619=ADVANCED_FACE('',(#515),#423,.F.);
#2620=ADVANCED_FACE('',(#516),#57,.F.);
#2621=ADVANCED_FACE('',(#517),#58,.F.);
#2622=ADVANCED_FACE('',(#518,#38),#59,.F.);
#2623=ADVANCED_FACE('',(#519,#39,#40),#60,.F.);
#2624=ADVANCED_FACE('',(#520),#61,.F.);
#2625=ADVANCED_FACE('',(#521,#41,#42),#62,.T.);
#2626=ADVANCED_FACE('',(#522),#424,.T.);
#2627=ADVANCED_FACE('',(#523),#63,.F.);
#2628=ADVANCED_FACE('',(#524),#425,.T.);
#2629=ADVANCED_FACE('',(#525),#64,.F.);
#2630=ADVANCED_FACE('',(#526),#426,.T.);
#2631=ADVANCED_FACE('',(#527),#65,.F.);
#2632=ADVANCED_FACE('',(#528),#427,.T.);
#2633=ADVANCED_FACE('',(#529),#428,.F.);
#2634=ADVANCED_FACE('',(#530),#66,.F.);
#2635=ADVANCED_FACE('',(#531),#429,.F.);
#2636=ADVANCED_FACE('',(#532),#67,.F.);
#2637=ADVANCED_FACE('',(#533),#430,.T.);
#2638=ADVANCED_FACE('',(#534),#68,.F.);
#2639=ADVANCED_FACE('',(#535),#431,.T.);
#2640=ADVANCED_FACE('',(#536),#69,.F.);
#2641=ADVANCED_FACE('',(#537),#432,.T.);
#2642=ADVANCED_FACE('',(#538),#70,.F.);
#2643=ADVANCED_FACE('',(#539),#433,.T.);
#2644=ADVANCED_FACE('',(#540),#71,.F.);
#2645=ADVANCED_FACE('',(#541),#434,.T.);
#2646=ADVANCED_FACE('',(#542),#72,.F.);
#2647=ADVANCED_FACE('',(#543),#435,.T.);
#2648=ADVANCED_FACE('',(#544),#73,.F.);
#2649=ADVANCED_FACE('',(#545),#436,.F.);
#2650=ADVANCED_FACE('',(#546),#74,.F.);
#2651=ADVANCED_FACE('',(#547),#437,.F.);
#2652=ADVANCED_FACE('',(#548,#43,#44),#75,.F.);
#2653=ADVANCED_FACE('',(#549,#45),#76,.T.);
#2654=ADVANCED_FACE('',(#550,#46),#77,.F.);
#2655=ADVANCED_FACE('',(#551,#47),#78,.T.);
#2656=ADVANCED_FACE('',(#552),#79,.T.);
#2657=ADVANCED_FACE('',(#553,#48),#80,.T.);
#2658=ADVANCED_FACE('',(#554),#81,.T.);
#2659=ADVANCED_FACE('',(#555),#438,.T.);
#2660=ADVANCED_FACE('',(#556),#28,.F.);
#2661=ADVANCED_FACE('',(#557),#29,.F.);
#2662=ADVANCED_FACE('',(#558),#439,.T.);
#2663=ADVANCED_FACE('',(#559),#440,.T.);
#2664=ADVANCED_FACE('',(#560),#30,.F.);
#2665=ADVANCED_FACE('',(#561),#2410,.T.);
#2666=ADVANCED_FACE('',(#562),#441,.T.);
#2667=ADVANCED_FACE('',(#563),#442,.T.);
#2668=ADVANCED_FACE('',(#564),#31,.F.);
#2669=ADVANCED_FACE('',(#565),#2411,.T.);
#2670=ADVANCED_FACE('',(#566),#443,.T.);
#2671=ADVANCED_FACE('',(#567),#2412,.T.);
#2672=ADVANCED_FACE('',(#568),#32,.F.);
#2673=ADVANCED_FACE('',(#569),#444,.T.);
#2674=ADVANCED_FACE('',(#570),#445,.T.);
#2675=ADVANCED_FACE('',(#571),#33,.F.);
#2676=ADVANCED_FACE('',(#572),#34,.F.);
#2677=ADVANCED_FACE('',(#573),#446,.T.);
#2678=ADVANCED_FACE('',(#574),#447,.T.);
#2679=ADVANCED_FACE('',(#575),#35,.F.);
#2680=ADVANCED_FACE('',(#576),#2413,.T.);
#2681=ADVANCED_FACE('',(#577),#448,.T.);
#2682=ADVANCED_FACE('',(#578),#449,.T.);
#2683=ADVANCED_FACE('',(#579),#2414,.T.);
#2684=ADVANCED_FACE('',(#580),#2415,.T.);
#2685=ADVANCED_FACE('',(#581),#82,.F.);
#2686=ADVANCED_FACE('',(#582),#83,.F.);
#2687=ADVANCED_FACE('',(#583),#84,.T.);
#2688=ADVANCED_FACE('',(#584),#85,.F.);
#2689=ADVANCED_FACE('',(#585),#86,.F.);
#2690=ADVANCED_FACE('',(#586),#87,.F.);
#2691=ADVANCED_FACE('',(#587,#49),#88,.T.);
#2692=ADVANCED_FACE('',(#588,#50),#89,.F.);
#2693=ADVANCED_FACE('',(#589),#90,.T.);
#2694=ADVANCED_FACE('',(#590,#51),#91,.F.);
#2695=ADVANCED_FACE('',(#591),#92,.F.);
#2696=ADVANCED_FACE('',(#592,#52),#93,.T.);
#2697=ADVANCED_FACE('',(#593,#53),#94,.T.);
#2698=ADVANCED_FACE('',(#594,#54),#95,.F.);
#2699=ADVANCED_FACE('',(#595,#55),#96,.F.);
#2700=ADVANCED_FACE('',(#596,#56),#97,.F.);
#2701=ADVANCED_FACE('',(#597),#98,.T.);
#2702=ADVANCED_FACE('',(#598),#99,.T.);
#2703=ADVANCED_FACE('',(#599),#100,.T.);
#2704=ADVANCED_FACE('',(#600),#101,.T.);
#2705=ADVANCED_FACE('',(#601),#2416,.F.);
#2706=ADVANCED_FACE('',(#602),#450,.F.);
#2707=ADVANCED_FACE('',(#603),#451,.T.);
#2708=ADVANCED_FACE('',(#604),#452,.F.);
#2709=ADVANCED_FACE('',(#605),#453,.T.);
#2710=ADVANCED_FACE('',(#606),#2417,.T.);
#2711=ADVANCED_FACE('',(#607),#14,.T.);
#2712=ADVANCED_FACE('',(#608),#36,.F.);
#2713=ADVANCED_FACE('',(#609),#15,.T.);
#2714=ADVANCED_FACE('',(#610),#454,.T.);
#2715=ADVANCED_FACE('',(#611),#455,.T.);
#2716=ADVANCED_FACE('',(#612),#456,.T.);
#2717=ADVANCED_FACE('',(#613),#457,.T.);
#2718=ADVANCED_FACE('',(#614),#458,.F.);
#2719=ADVANCED_FACE('',(#615),#459,.T.);
#2720=ADVANCED_FACE('',(#616),#460,.T.);
#2721=ADVANCED_FACE('',(#617),#461,.T.);
#2722=ADVANCED_FACE('',(#618),#16,.T.);
#2723=ADVANCED_FACE('',(#619),#17,.T.);
#2724=ADVANCED_FACE('',(#620),#2418,.T.);
#2725=ADVANCED_FACE('',(#621),#18,.T.);
#2726=ADVANCED_FACE('',(#622),#19,.T.);
#2727=ADVANCED_FACE('',(#623),#2419,.T.);
#2728=ADVANCED_FACE('',(#624),#462,.T.);
#2729=ADVANCED_FACE('',(#625),#463,.T.);
#2730=ADVANCED_FACE('',(#626),#464,.T.);
#2731=ADVANCED_FACE('',(#627),#465,.T.);
#2732=ADVANCED_FACE('',(#628),#466,.T.);
#2733=ADVANCED_FACE('',(#629),#467,.T.);
#2734=ADVANCED_FACE('',(#630),#468,.T.);
#2735=ADVANCED_FACE('',(#631),#469,.F.);
#2736=ADVANCED_FACE('',(#632),#20,.T.);
#2737=ADVANCED_FACE('',(#633),#21,.T.);
#2738=ADVANCED_FACE('',(#634),#22,.T.);
#2739=ADVANCED_FACE('',(#635),#23,.T.);
#2740=ADVANCED_FACE('',(#636),#2420,.F.);
#2741=ADVANCED_FACE('',(#637),#470,.T.);
#2742=ADVANCED_FACE('',(#638),#471,.T.);
#2743=ADVANCED_FACE('',(#639),#472,.T.);
#2744=ADVANCED_FACE('',(#640),#473,.T.);
#2745=ADVANCED_FACE('',(#641),#474,.T.);
#2746=ADVANCED_FACE('',(#642),#475,.T.);
#2747=ADVANCED_FACE('',(#643),#476,.F.);
#2748=ADVANCED_FACE('',(#644),#24,.T.);
#2749=ADVANCED_FACE('',(#645),#25,.T.);
#2750=ADVANCED_FACE('',(#646),#26,.T.);
#2751=ADVANCED_FACE('',(#647),#37,.F.);
#2752=ADVANCED_FACE('',(#648),#477,.T.);
#2753=ADVANCED_FACE('',(#649),#478,.T.);
#2754=ADVANCED_FACE('',(#650),#479,.T.);
#2755=ADVANCED_FACE('',(#651),#480,.F.);
#2756=ADVANCED_FACE('',(#652),#27,.T.);
#2757=ADVANCED_FACE('',(#653),#2421,.T.);
#2758=ADVANCED_FACE('',(#654),#481,.T.);
#2759=CLOSED_SHELL('',(#2586,#2587,#2588,#2589,#2590,#2591,#2592,#2593,
#2594,#2595,#2596,#2597,#2598,#2599,#2600,#2601,#2602,#2603,#2604,#2605,
#2606,#2607,#2608,#2609,#2610,#2611,#2612,#2613,#2614,#2615,#2616,#2617,
#2618,#2619,#2620,#2621,#2622,#2623,#2624,#2625,#2626,#2627,#2628,#2629,
#2630,#2631,#2632,#2633,#2634,#2635,#2636,#2637,#2638,#2639,#2640,#2641,
#2642,#2643,#2644,#2645,#2646,#2647,#2648,#2649,#2650,#2651,#2652,#2653,
#2654,#2655,#2656,#2657,#2658,#2659,#2660,#2661,#2662,#2663,#2664,#2665,
#2666,#2667,#2668,#2669,#2670,#2671,#2672,#2673,#2674,#2675,#2676,#2677,
#2678,#2679,#2680,#2681,#2682,#2683,#2684,#2685,#2686,#2687,#2688,#2689,
#2690,#2691,#2692,#2693,#2694,#2695,#2696,#2697,#2698,#2699,#2700,#2701,
#2702,#2703,#2704,#2705,#2706,#2707,#2708,#2709,#2710,#2711,#2712,#2713,
#2714,#2715,#2716,#2717,#2718,#2719,#2720,#2721,#2722,#2723,#2724,#2725,
#2726,#2727,#2728,#2729,#2730,#2731,#2732,#2733,#2734,#2735,#2736,#2737,
#2738,#2739,#2740,#2741,#2742,#2743,#2744,#2745,#2746,#2747,#2748,#2749,
#2750,#2751,#2752,#2753,#2754,#2755,#2756,#2757,#2758));
#2760=DERIVED_UNIT_ELEMENT(#2762,1.);
#2761=DERIVED_UNIT_ELEMENT(#5076,-3.);
#2762=(
MASS_UNIT()
NAMED_UNIT(*)
SI_UNIT(.KILO.,.GRAM.)
);
#2763=DERIVED_UNIT((#2760,#2761));
#2764=MEASURE_REPRESENTATION_ITEM('density measure',
POSITIVE_RATIO_MEASURE(7850.),#2763);
#2765=PROPERTY_DEFINITION_REPRESENTATION(#2770,#2767);
#2766=PROPERTY_DEFINITION_REPRESENTATION(#2771,#2768);
#2767=REPRESENTATION('material name',(#2769),#5073);
#2768=REPRESENTATION('density',(#2764),#5073);
#2769=DESCRIPTIVE_REPRESENTATION_ITEM('\X2\92FC\X0\','\X2\92FC\X0\');
#2770=PROPERTY_DEFINITION('material property','material name',#5083);
#2771=PROPERTY_DEFINITION('material property','density of part',#5083);
#2772=AXIS2_PLACEMENT_3D('',#4069,#3155,#3156);
#2773=AXIS2_PLACEMENT_3D('',#4070,#3157,#3158);
#2774=AXIS2_PLACEMENT_3D('',#4073,#3159,#3160);
#2775=AXIS2_PLACEMENT_3D('',#4074,#3161,#3162);
#2776=AXIS2_PLACEMENT_3D('',#4076,#3163,#3164);
#2777=AXIS2_PLACEMENT_3D('',#4078,#3165,#3166);
#2778=AXIS2_PLACEMENT_3D('',#4079,#3167,#3168);
#2779=AXIS2_PLACEMENT_3D('',#4080,#3169,#3170);
#2780=AXIS2_PLACEMENT_3D('',#4083,#3171,#3172);
#2781=AXIS2_PLACEMENT_3D('',#4084,#3173,#3174);
#2782=AXIS2_PLACEMENT_3D('',#4086,#3175,#3176);
#2783=AXIS2_PLACEMENT_3D('',#4088,#3177,#3178);
#2784=AXIS2_PLACEMENT_3D('',#4089,#3179,#3180);
#2785=AXIS2_PLACEMENT_3D('',#4090,#3181,#3182);
#2786=AXIS2_PLACEMENT_3D('',#4093,#3183,#3184);
#2787=AXIS2_PLACEMENT_3D('',#4094,#3185,#3186);
#2788=AXIS2_PLACEMENT_3D('',#4096,#3187,#3188);
#2789=AXIS2_PLACEMENT_3D('',#4097,#3189,#3190);
#2790=AXIS2_PLACEMENT_3D('',#4098,#3191,#3192);
#2791=AXIS2_PLACEMENT_3D('',#4101,#3193,#3194);
#2792=AXIS2_PLACEMENT_3D('',#4102,#3195,#3196);
#2793=AXIS2_PLACEMENT_3D('',#4104,#3197,#3198);
#2794=AXIS2_PLACEMENT_3D('',#4105,#3199,#3200);
#2795=AXIS2_PLACEMENT_3D('',#4106,#3201,#3202);
#2796=AXIS2_PLACEMENT_3D('',#4108,#3203,#3204);
#2797=AXIS2_PLACEMENT_3D('',#4110,#3205,#3206);
#2798=AXIS2_PLACEMENT_3D('',#4112,#3207,#3208);
#2799=AXIS2_PLACEMENT_3D('',#4113,#3209,#3210);
#2800=AXIS2_PLACEMENT_3D('',#4114,#3211,#3212);
#2801=AXIS2_PLACEMENT_3D('',#4116,#3213,#3214);
#2802=AXIS2_PLACEMENT_3D('',#4118,#3215,#3216);
#2803=AXIS2_PLACEMENT_3D('',#4119,#3217,#3218);
#2804=AXIS2_PLACEMENT_3D('',#4120,#3219,#3220);
#2805=AXIS2_PLACEMENT_3D('',#4122,#3221,#3222);
#2806=AXIS2_PLACEMENT_3D('',#4124,#3223,#3224);
#2807=AXIS2_PLACEMENT_3D('',#4126,#3225,#3226);
#2808=AXIS2_PLACEMENT_3D('',#4127,#3227,#3228);
#2809=AXIS2_PLACEMENT_3D('',#4128,#3229,#3230);
#2810=AXIS2_PLACEMENT_3D('',#4130,#3231,#3232);
#2811=AXIS2_PLACEMENT_3D('',#4132,#3233,#3234);
#2812=AXIS2_PLACEMENT_3D('',#4134,#3235,#3236);
#2813=AXIS2_PLACEMENT_3D('',#4135,#3237,#3238);
#2814=AXIS2_PLACEMENT_3D('',#4136,#3239,#3240);
#2815=AXIS2_PLACEMENT_3D('',#4138,#3241,#3242);
#2816=AXIS2_PLACEMENT_3D('',#4140,#3243,#3244);
#2817=AXIS2_PLACEMENT_3D('',#4142,#3245,#3246);
#2818=AXIS2_PLACEMENT_3D('',#4143,#3247,#3248);
#2819=AXIS2_PLACEMENT_3D('',#4144,#3249,#3250);
#2820=AXIS2_PLACEMENT_3D('',#4146,#3251,#3252);
#2821=AXIS2_PLACEMENT_3D('',#4148,#3253,#3254);
#2822=AXIS2_PLACEMENT_3D('',#4150,#3255,#3256);
#2823=AXIS2_PLACEMENT_3D('',#4151,#3257,#3258);
#2824=AXIS2_PLACEMENT_3D('',#4152,#3259,#3260);
#2825=AXIS2_PLACEMENT_3D('',#4154,#3261,#3262);
#2826=AXIS2_PLACEMENT_3D('',#4156,#3264,#3265);
#2827=AXIS2_PLACEMENT_3D('',#4158,#3266,#3267);
#2828=AXIS2_PLACEMENT_3D('',#4160,#3269,#3270);
#2829=AXIS2_PLACEMENT_3D('',#4162,#3271,#3272);
#2830=AXIS2_PLACEMENT_3D('',#4164,#3274,#3275);
#2831=AXIS2_PLACEMENT_3D('',#4166,#3276,#3277);
#2832=AXIS2_PLACEMENT_3D('',#4168,#3279,#3280);
#2833=AXIS2_PLACEMENT_3D('',#4170,#3282,#3283);
#2834=AXIS2_PLACEMENT_3D('',#4173,#3285,#3286);
#2835=AXIS2_PLACEMENT_3D('',#4174,#3287,#3288);
#2836=AXIS2_PLACEMENT_3D('',#4176,#3290,#3291);
#2837=AXIS2_PLACEMENT_3D('',#4179,#3293,#3294);
#2838=AXIS2_PLACEMENT_3D('',#4180,#3295,#3296);
#2839=AXIS2_PLACEMENT_3D('',#4182,#3297,#3298);
#2840=AXIS2_PLACEMENT_3D('',#4184,#3300,#3301);
#2841=AXIS2_PLACEMENT_3D('',#4186,#3302,#3303);
#2842=AXIS2_PLACEMENT_3D('',#4188,#3305,#3306);
#2843=AXIS2_PLACEMENT_3D('',#4190,#3307,#3308);
#2844=AXIS2_PLACEMENT_3D('',#4193,#3310,#3311);
#2845=AXIS2_PLACEMENT_3D('',#4194,#3312,#3313);
#2846=AXIS2_PLACEMENT_3D('',#4196,#3314,#3315);
#2847=AXIS2_PLACEMENT_3D('',#4199,#3317,#3318);
#2848=AXIS2_PLACEMENT_3D('',#4200,#3319,#3320);
#2849=AXIS2_PLACEMENT_3D('',#4202,#3321,#3322);
#2850=AXIS2_PLACEMENT_3D('',#4206,#3324,#3325);
#2851=AXIS2_PLACEMENT_3D('',#4240,#3326,#3327);
#2852=AXIS2_PLACEMENT_3D('',#4241,#3328,#3329);
#2853=AXIS2_PLACEMENT_3D('',#4243,#3330,#3331);
#2854=AXIS2_PLACEMENT_3D('',#4247,#3333,#3334);
#2855=AXIS2_PLACEMENT_3D('',#4281,#3335,#3336);
#2856=AXIS2_PLACEMENT_3D('',#4282,#3337,#3338);
#2857=AXIS2_PLACEMENT_3D('',#4284,#3339,#3340);
#2858=AXIS2_PLACEMENT_3D('',#4287,#3342,#3343);
#2859=AXIS2_PLACEMENT_3D('',#4288,#3344,#3345);
#2860=AXIS2_PLACEMENT_3D('',#4290,#3346,#3347);
#2861=AXIS2_PLACEMENT_3D('',#4292,#3348,#3349);
#2862=AXIS2_PLACEMENT_3D('',#4294,#3350,#3351);
#2863=AXIS2_PLACEMENT_3D('',#4295,#3352,#3353);
#2864=AXIS2_PLACEMENT_3D('',#4296,#3354,#3355);
#2865=AXIS2_PLACEMENT_3D('',#4298,#3356,#3357);
#2866=AXIS2_PLACEMENT_3D('',#4300,#3358,#3359);
#2867=AXIS2_PLACEMENT_3D('',#4302,#3360,#3361);
#2868=AXIS2_PLACEMENT_3D('',#4303,#3362,#3363);
#2869=AXIS2_PLACEMENT_3D('',#4304,#3364,#3365);
#2870=AXIS2_PLACEMENT_3D('',#4306,#3366,#3367);
#2871=AXIS2_PLACEMENT_3D('',#4309,#3369,#3370);
#2872=AXIS2_PLACEMENT_3D('',#4310,#3371,#3372);
#2873=AXIS2_PLACEMENT_3D('',#4312,#3373,#3374);
#2874=AXIS2_PLACEMENT_3D('',#4315,#3376,#3377);
#2875=AXIS2_PLACEMENT_3D('',#4316,#3378,#3379);
#2876=AXIS2_PLACEMENT_3D('',#4318,#3380,#3381);
#2877=AXIS2_PLACEMENT_3D('',#4321,#3383,#3384);
#2878=AXIS2_PLACEMENT_3D('',#4322,#3385,#3386);
#2879=AXIS2_PLACEMENT_3D('',#4324,#3387,#3388);
#2880=AXIS2_PLACEMENT_3D('',#4327,#3390,#3391);
#2881=AXIS2_PLACEMENT_3D('',#4328,#3392,#3393);
#2882=AXIS2_PLACEMENT_3D('',#4330,#3394,#3395);
#2883=AXIS2_PLACEMENT_3D('',#4332,#3397,#3398);
#2884=AXIS2_PLACEMENT_3D('',#4334,#3399,#3400);
#2885=AXIS2_PLACEMENT_3D('',#4336,#3402,#3403);
#2886=AXIS2_PLACEMENT_3D('',#4338,#3404,#3405);
#2887=AXIS2_PLACEMENT_3D('',#4341,#3407,#3408);
#2888=AXIS2_PLACEMENT_3D('',#4342,#3409,#3410);
#2889=AXIS2_PLACEMENT_3D('',#4376,#3412,#3413);
#2890=AXIS2_PLACEMENT_3D('',#4388,#3420,#3421);
#2891=AXIS2_PLACEMENT_3D('',#4391,#3422,#3423);
#2892=AXIS2_PLACEMENT_3D('',#4434,#3431,#3432);
#2893=AXIS2_PLACEMENT_3D('',#4445,#3437,#3438);
#2894=AXIS2_PLACEMENT_3D('',#4447,#3439,#3440);
#2895=AXIS2_PLACEMENT_3D('',#4451,#3442,#3443);
#2896=AXIS2_PLACEMENT_3D('',#4455,#3445,#3446);
#2897=AXIS2_PLACEMENT_3D('',#4459,#3448,#3449);
#2898=AXIS2_PLACEMENT_3D('',#4463,#3451,#3452);
#2899=AXIS2_PLACEMENT_3D('',#4467,#3454,#3455);
#2900=AXIS2_PLACEMENT_3D('',#4471,#3457,#3458);
#2901=AXIS2_PLACEMENT_3D('',#4475,#3460,#3461);
#2902=AXIS2_PLACEMENT_3D('',#4479,#3463,#3464);
#2903=AXIS2_PLACEMENT_3D('',#4483,#3466,#3467);
#2904=AXIS2_PLACEMENT_3D('',#4485,#3468,#3469);
#2905=AXIS2_PLACEMENT_3D('',#4489,#3471,#3472);
#2906=AXIS2_PLACEMENT_3D('',#4493,#3474,#3475);
#2907=AXIS2_PLACEMENT_3D('',#4495,#3477,#3478);
#2908=AXIS2_PLACEMENT_3D('',#4508,#3484,#3485);
#2909=AXIS2_PLACEMENT_3D('',#4515,#3489,#3490);
#2910=AXIS2_PLACEMENT_3D('',#4516,#3491,#3492);
#2911=AXIS2_PLACEMENT_3D('',#4525,#3497,#3498);
#2912=AXIS2_PLACEMENT_3D('',#4538,#3504,#3505);
#2913=AXIS2_PLACEMENT_3D('',#4545,#3509,#3510);
#2914=AXIS2_PLACEMENT_3D('',#4546,#3511,#3512);
#2915=AXIS2_PLACEMENT_3D('',#4550,#3514,#3515);
#2916=AXIS2_PLACEMENT_3D('',#4552,#3517,#3518);
#2917=AXIS2_PLACEMENT_3D('',#4556,#3521,#3522);
#2918=AXIS2_PLACEMENT_3D('',#4559,#3524,#3525);
#2919=AXIS2_PLACEMENT_3D('',#4560,#3526,#3527);
#2920=AXIS2_PLACEMENT_3D('',#4564,#3530,#3531);
#2921=AXIS2_PLACEMENT_3D('',#4567,#3533,#3534);
#2922=AXIS2_PLACEMENT_3D('',#4568,#3535,#3536);
#2923=AXIS2_PLACEMENT_3D('',#4572,#3539,#3540);
#2924=AXIS2_PLACEMENT_3D('',#4575,#3542,#3543);
#2925=AXIS2_PLACEMENT_3D('',#4576,#3544,#3545);
#2926=AXIS2_PLACEMENT_3D('',#4579,#3547,#3548);
#2927=AXIS2_PLACEMENT_3D('',#4580,#3549,#3550);
#2928=AXIS2_PLACEMENT_3D('',#4584,#3553,#3554);
#2929=AXIS2_PLACEMENT_3D('',#4587,#3556,#3557);
#2930=AXIS2_PLACEMENT_3D('',#4588,#3558,#3559);
#2931=AXIS2_PLACEMENT_3D('',#4592,#3562,#3563);
#2932=AXIS2_PLACEMENT_3D('',#4595,#3565,#3566);
#2933=AXIS2_PLACEMENT_3D('',#4596,#3567,#3568);
#2934=AXIS2_PLACEMENT_3D('',#4600,#3571,#3572);
#2935=AXIS2_PLACEMENT_3D('',#4603,#3574,#3575);
#2936=AXIS2_PLACEMENT_3D('',#4604,#3576,#3577);
#2937=AXIS2_PLACEMENT_3D('',#4608,#3580,#3581);
#2938=AXIS2_PLACEMENT_3D('',#4611,#3583,#3584);
#2939=AXIS2_PLACEMENT_3D('',#4612,#3585,#3586);
#2940=AXIS2_PLACEMENT_3D('',#4616,#3589,#3590);
#2941=AXIS2_PLACEMENT_3D('',#4619,#3592,#3593);
#2942=AXIS2_PLACEMENT_3D('',#4620,#3594,#3595);
#2943=AXIS2_PLACEMENT_3D('',#4624,#3598,#3599);
#2944=AXIS2_PLACEMENT_3D('',#4627,#3601,#3602);
#2945=AXIS2_PLACEMENT_3D('',#4628,#3603,#3604);
#2946=AXIS2_PLACEMENT_3D('',#4632,#3607,#3608);
#2947=AXIS2_PLACEMENT_3D('',#4635,#3610,#3611);
#2948=AXIS2_PLACEMENT_3D('',#4636,#3612,#3613);
#2949=AXIS2_PLACEMENT_3D('',#4640,#3616,#3617);
#2950=AXIS2_PLACEMENT_3D('',#4643,#3619,#3620);
#2951=AXIS2_PLACEMENT_3D('',#4644,#3621,#3622);
#2952=AXIS2_PLACEMENT_3D('',#4648,#3625,#3626);
#2953=AXIS2_PLACEMENT_3D('',#4649,#3627,#3628);
#2954=AXIS2_PLACEMENT_3D('',#4650,#3629,#3630);
#2955=AXIS2_PLACEMENT_3D('',#4655,#3632,#3633);
#2956=AXIS2_PLACEMENT_3D('',#4657,#3634,#3635);
#2957=AXIS2_PLACEMENT_3D('',#4661,#3637,#3638);
#2958=AXIS2_PLACEMENT_3D('',#4665,#3640,#3641);
#2959=AXIS2_PLACEMENT_3D('',#4669,#3643,#3644);
#2960=AXIS2_PLACEMENT_3D('',#4671,#3645,#3646);
#2961=AXIS2_PLACEMENT_3D('',#4675,#3648,#3649);
#2962=AXIS2_PLACEMENT_3D('',#4679,#3651,#3652);
#2963=AXIS2_PLACEMENT_3D('',#4683,#3654,#3655);
#2964=AXIS2_PLACEMENT_3D('',#4687,#3657,#3658);
#2965=AXIS2_PLACEMENT_3D('',#4691,#3660,#3661);
#2966=AXIS2_PLACEMENT_3D('',#4695,#3663,#3664);
#2967=AXIS2_PLACEMENT_3D('',#4699,#3666,#3667);
#2968=AXIS2_PLACEMENT_3D('',#4702,#3669,#3670);
#2969=AXIS2_PLACEMENT_3D('',#4703,#3671,#3672);
#2970=AXIS2_PLACEMENT_3D('',#4704,#3673,#3674);
#2971=AXIS2_PLACEMENT_3D('',#4705,#3675,#3676);
#2972=AXIS2_PLACEMENT_3D('',#4706,#3677,#3678);
#2973=AXIS2_PLACEMENT_3D('',#4707,#3679,#3680);
#2974=AXIS2_PLACEMENT_3D('',#4708,#3681,#3682);
#2975=AXIS2_PLACEMENT_3D('',#4709,#3683,#3684);
#2976=AXIS2_PLACEMENT_3D('',#4710,#3685,#3686);
#2977=AXIS2_PLACEMENT_3D('',#4711,#3687,#3688);
#2978=AXIS2_PLACEMENT_3D('',#4721,#3689,#3690);
#2979=AXIS2_PLACEMENT_3D('',#4731,#3691,#3692);
#2980=AXIS2_PLACEMENT_3D('',#4732,#3693,#3694);
#2981=AXIS2_PLACEMENT_3D('',#4733,#3695,#3696);
#2982=AXIS2_PLACEMENT_3D('',#4734,#3697,#3698);
#2983=AXIS2_PLACEMENT_3D('',#4735,#3699,#3700);
#2984=AXIS2_PLACEMENT_3D('',#4745,#3701,#3702);
#2985=AXIS2_PLACEMENT_3D('',#4746,#3703,#3704);
#2986=AXIS2_PLACEMENT_3D('',#4747,#3705,#3706);
#2987=AXIS2_PLACEMENT_3D('',#4748,#3707,#3708);
#2988=AXIS2_PLACEMENT_3D('',#4749,#3709,#3710);
#2989=AXIS2_PLACEMENT_3D('',#4750,#3711,#3712);
#2990=AXIS2_PLACEMENT_3D('',#4751,#3713,#3714);
#2991=AXIS2_PLACEMENT_3D('',#4761,#3715,#3716);
#2992=AXIS2_PLACEMENT_3D('',#4762,#3717,#3718);
#2993=AXIS2_PLACEMENT_3D('',#4763,#3719,#3720);
#2994=AXIS2_PLACEMENT_3D('',#4764,#3721,#3722);
#2995=AXIS2_PLACEMENT_3D('',#4765,#3723,#3724);
#2996=AXIS2_PLACEMENT_3D('',#4766,#3725,#3726);
#2997=AXIS2_PLACEMENT_3D('',#4767,#3727,#3728);
#2998=AXIS2_PLACEMENT_3D('',#4777,#3729,#3730);
#2999=AXIS2_PLACEMENT_3D('',#4778,#3731,#3732);
#3000=AXIS2_PLACEMENT_3D('',#4779,#3733,#3734);
#3001=AXIS2_PLACEMENT_3D('',#4780,#3735,#3736);
#3002=AXIS2_PLACEMENT_3D('',#4781,#3737,#3738);
#3003=AXIS2_PLACEMENT_3D('',#4791,#3739,#3740);
#3004=AXIS2_PLACEMENT_3D('',#4801,#3741,#3742);
#3005=AXIS2_PLACEMENT_3D('',#4802,#3743,#3744);
#3006=AXIS2_PLACEMENT_3D('',#4803,#3745,#3746);
#3007=AXIS2_PLACEMENT_3D('',#4804,#3747,#3748);
#3008=AXIS2_PLACEMENT_3D('',#4805,#3749,#3750);
#3009=AXIS2_PLACEMENT_3D('',#4815,#3751,#3752);
#3010=AXIS2_PLACEMENT_3D('',#4816,#3753,#3754);
#3011=AXIS2_PLACEMENT_3D('',#4817,#3755,#3756);
#3012=AXIS2_PLACEMENT_3D('',#4818,#3757,#3758);
#3013=AXIS2_PLACEMENT_3D('',#4819,#3759,#3760);
#3014=AXIS2_PLACEMENT_3D('',#4820,#3761,#3762);
#3015=AXIS2_PLACEMENT_3D('',#4821,#3763,#3764);
#3016=AXIS2_PLACEMENT_3D('',#4822,#3765,#3766);
#3017=AXIS2_PLACEMENT_3D('',#4823,#3767,#3768);
#3018=AXIS2_PLACEMENT_3D('',#4824,#3769,#3770);
#3019=AXIS2_PLACEMENT_3D('',#4825,#3771,#3772);
#3020=AXIS2_PLACEMENT_3D('',#4835,#3778,#3779);
#3021=AXIS2_PLACEMENT_3D('',#4844,#3784,#3785);
#3022=AXIS2_PLACEMENT_3D('',#4853,#3790,#3791);
#3023=AXIS2_PLACEMENT_3D('',#4862,#3796,#3797);
#3024=AXIS2_PLACEMENT_3D('',#4872,#3803,#3804);
#3025=AXIS2_PLACEMENT_3D('',#4881,#3809,#3810);
#3026=AXIS2_PLACEMENT_3D('',#4882,#3811,#3812);
#3027=AXIS2_PLACEMENT_3D('',#4883,#3813,#3814);
#3028=AXIS2_PLACEMENT_3D('',#4884,#3815,#3816);
#3029=AXIS2_PLACEMENT_3D('',#4885,#3817,#3818);
#3030=AXIS2_PLACEMENT_3D('',#4886,#3819,#3820);
#3031=AXIS2_PLACEMENT_3D('',#4887,#3821,#3822);
#3032=AXIS2_PLACEMENT_3D('',#4888,#3823,#3824);
#3033=AXIS2_PLACEMENT_3D('',#4889,#3825,#3826);
#3034=AXIS2_PLACEMENT_3D('',#4890,#3827,#3828);
#3035=AXIS2_PLACEMENT_3D('',#4891,#3829,#3830);
#3036=AXIS2_PLACEMENT_3D('',#4892,#3831,#3832);
#3037=AXIS2_PLACEMENT_3D('',#4893,#3833,#3834);
#3038=AXIS2_PLACEMENT_3D('',#4894,#3835,#3836);
#3039=AXIS2_PLACEMENT_3D('',#4895,#3837,#3838);
#3040=AXIS2_PLACEMENT_3D('',#4896,#3839,#3840);
#3041=AXIS2_PLACEMENT_3D('',#4897,#3841,#3842);
#3042=AXIS2_PLACEMENT_3D('',#4898,#3843,#3844);
#3043=AXIS2_PLACEMENT_3D('',#4899,#3845,#3846);
#3044=AXIS2_PLACEMENT_3D('',#4900,#3847,#3848);
#3045=AXIS2_PLACEMENT_3D('',#4901,#3849,#3850);
#3046=AXIS2_PLACEMENT_3D('',#4902,#3851,#3852);
#3047=AXIS2_PLACEMENT_3D('',#4903,#3853,#3854);
#3048=AXIS2_PLACEMENT_3D('',#4904,#3855,#3856);
#3049=AXIS2_PLACEMENT_3D('',#4905,#3857,#3858);
#3050=AXIS2_PLACEMENT_3D('',#4906,#3859,#3860);
#3051=AXIS2_PLACEMENT_3D('',#4907,#3861,#3862);
#3052=AXIS2_PLACEMENT_3D('',#4908,#3863,#3864);
#3053=AXIS2_PLACEMENT_3D('',#4909,#3865,#3866);
#3054=AXIS2_PLACEMENT_3D('',#4910,#3867,#3868);
#3055=AXIS2_PLACEMENT_3D('',#4911,#3869,#3870);
#3056=AXIS2_PLACEMENT_3D('',#4912,#3871,#3872);
#3057=AXIS2_PLACEMENT_3D('',#4943,#3873,#3874);
#3058=AXIS2_PLACEMENT_3D('',#4944,#3875,#3876);
#3059=AXIS2_PLACEMENT_3D('',#4945,#3877,#3878);
#3060=AXIS2_PLACEMENT_3D('',#4946,#3879,#3880);
#3061=AXIS2_PLACEMENT_3D('',#4947,#3881,#3882);
#3062=AXIS2_PLACEMENT_3D('',#4948,#3883,#3884);
#3063=AXIS2_PLACEMENT_3D('',#4949,#3885,#3886);
#3064=AXIS2_PLACEMENT_3D('',#4950,#3887,#3888);
#3065=AXIS2_PLACEMENT_3D('',#4951,#3889,#3890);
#3066=AXIS2_PLACEMENT_3D('',#4952,#3891,#3892);
#3067=AXIS2_PLACEMENT_3D('',#4953,#3893,#3894);
#3068=AXIS2_PLACEMENT_3D('',#4954,#3895,#3896);
#3069=AXIS2_PLACEMENT_3D('',#4955,#3897,#3898);
#3070=AXIS2_PLACEMENT_3D('',#4956,#3899,#3900);
#3071=AXIS2_PLACEMENT_3D('',#4957,#3901,#3902);
#3072=AXIS2_PLACEMENT_3D('',#4958,#3903,#3904);
#3073=AXIS2_PLACEMENT_3D('',#4959,#3905,#3906);
#3074=AXIS2_PLACEMENT_3D('',#4960,#3907,#3908);
#3075=AXIS2_PLACEMENT_3D('',#4961,#3909,#3910);
#3076=AXIS2_PLACEMENT_3D('',#4962,#3911,#3912);
#3077=AXIS2_PLACEMENT_3D('',#4963,#3913,#3914);
#3078=AXIS2_PLACEMENT_3D('',#4964,#3915,#3916);
#3079=AXIS2_PLACEMENT_3D('',#4965,#3917,#3918);
#3080=AXIS2_PLACEMENT_3D('',#4966,#3919,#3920);
#3081=AXIS2_PLACEMENT_3D('',#4967,#3921,#3922);
#3082=AXIS2_PLACEMENT_3D('',#4968,#3923,#3924);
#3083=AXIS2_PLACEMENT_3D('',#4969,#3925,#3926);
#3084=AXIS2_PLACEMENT_3D('',#4970,#3927,#3928);
#3085=AXIS2_PLACEMENT_3D('',#4971,#3929,#3930);
#3086=AXIS2_PLACEMENT_3D('',#4972,#3931,#3932);
#3087=AXIS2_PLACEMENT_3D('',#4973,#3933,#3934);
#3088=AXIS2_PLACEMENT_3D('',#4974,#3935,#3936);
#3089=AXIS2_PLACEMENT_3D('',#4975,#3937,#3938);
#3090=AXIS2_PLACEMENT_3D('',#4976,#3939,#3940);
#3091=AXIS2_PLACEMENT_3D('',#4977,#3941,#3942);
#3092=AXIS2_PLACEMENT_3D('',#4978,#3943,#3944);
#3093=AXIS2_PLACEMENT_3D('',#4979,#3945,#3946);
#3094=AXIS2_PLACEMENT_3D('',#4980,#3947,#3948);
#3095=AXIS2_PLACEMENT_3D('',#4981,#3949,#3950);
#3096=AXIS2_PLACEMENT_3D('',#4982,#3951,#3952);
#3097=AXIS2_PLACEMENT_3D('',#4983,#3953,#3954);
#3098=AXIS2_PLACEMENT_3D('',#4984,#3955,#3956);
#3099=AXIS2_PLACEMENT_3D('',#4985,#3957,#3958);
#3100=AXIS2_PLACEMENT_3D('',#4986,#3959,#3960);
#3101=AXIS2_PLACEMENT_3D('',#4987,#3961,#3962);
#3102=AXIS2_PLACEMENT_3D('',#4988,#3963,#3964);
#3103=AXIS2_PLACEMENT_3D('',#4989,#3965,#3966);
#3104=AXIS2_PLACEMENT_3D('',#4990,#3967,#3968);
#3105=AXIS2_PLACEMENT_3D('',#4991,#3969,#3970);
#3106=AXIS2_PLACEMENT_3D('',#4992,#3971,#3972);
#3107=AXIS2_PLACEMENT_3D('',#4993,#3973,#3974);
#3108=AXIS2_PLACEMENT_3D('',#4994,#3975,#3976);
#3109=AXIS2_PLACEMENT_3D('',#4995,#3977,#3978);
#3110=AXIS2_PLACEMENT_3D('',#4996,#3979,#3980);
#3111=AXIS2_PLACEMENT_3D('',#4997,#3981,#3982);
#3112=AXIS2_PLACEMENT_3D('',#4998,#3983,#3984);
#3113=AXIS2_PLACEMENT_3D('',#4999,#3985,#3986);
#3114=AXIS2_PLACEMENT_3D('',#5000,#3987,#3988);
#3115=AXIS2_PLACEMENT_3D('',#5001,#3989,#3990);
#3116=AXIS2_PLACEMENT_3D('',#5002,#3991,#3992);
#3117=AXIS2_PLACEMENT_3D('',#5003,#3993,#3994);
#3118=AXIS2_PLACEMENT_3D('',#5004,#3995,#3996);
#3119=AXIS2_PLACEMENT_3D('',#5005,#3997,#3998);
#3120=AXIS2_PLACEMENT_3D('',#5006,#3999,#4000);
#3121=AXIS2_PLACEMENT_3D('',#5007,#4001,#4002);
#3122=AXIS2_PLACEMENT_3D('',#5008,#4003,#4004);
#3123=AXIS2_PLACEMENT_3D('',#5009,#4005,#4006);
#3124=AXIS2_PLACEMENT_3D('',#5010,#4007,#4008);
#3125=AXIS2_PLACEMENT_3D('',#5011,#4009,#4010);
#3126=AXIS2_PLACEMENT_3D('',#5012,#4011,#4012);
#3127=AXIS2_PLACEMENT_3D('',#5013,#4013,#4014);
#3128=AXIS2_PLACEMENT_3D('',#5014,#4015,#4016);
#3129=AXIS2_PLACEMENT_3D('',#5015,#4017,#4018);
#3130=AXIS2_PLACEMENT_3D('',#5016,#4019,#4020);
#3131=AXIS2_PLACEMENT_3D('',#5017,#4021,#4022);
#3132=AXIS2_PLACEMENT_3D('',#5018,#4023,#4024);
#3133=AXIS2_PLACEMENT_3D('',#5019,#4025,#4026);
#3134=AXIS2_PLACEMENT_3D('',#5020,#4027,#4028);
#3135=AXIS2_PLACEMENT_3D('',#5021,#4029,#4030);
#3136=AXIS2_PLACEMENT_3D('',#5022,#4031,#4032);
#3137=AXIS2_PLACEMENT_3D('',#5023,#4033,#4034);
#3138=AXIS2_PLACEMENT_3D('',#5024,#4035,#4036);
#3139=AXIS2_PLACEMENT_3D('',#5025,#4037,#4038);
#3140=AXIS2_PLACEMENT_3D('',#5026,#4039,#4040);
#3141=AXIS2_PLACEMENT_3D('',#5057,#4041,#4042);
#3142=AXIS2_PLACEMENT_3D('',#5058,#4043,#4044);
#3143=AXIS2_PLACEMENT_3D('',#5059,#4045,#4046);
#3144=AXIS2_PLACEMENT_3D('',#5060,#4047,#4048);
#3145=AXIS2_PLACEMENT_3D('',#5061,#4049,#4050);
#3146=AXIS2_PLACEMENT_3D('',#5062,#4051,#4052);
#3147=AXIS2_PLACEMENT_3D('',#5063,#4053,#4054);
#3148=AXIS2_PLACEMENT_3D('',#5064,#4055,#4056);
#3149=AXIS2_PLACEMENT_3D('',#5065,#4057,#4058);
#3150=AXIS2_PLACEMENT_3D('',#5066,#4059,#4060);
#3151=AXIS2_PLACEMENT_3D('',#5067,#4061,#4062);
#3152=AXIS2_PLACEMENT_3D('',#5068,#4063,#4064);
#3153=AXIS2_PLACEMENT_3D('',#5069,#4065,#4066);
#3154=AXIS2_PLACEMENT_3D('',#5070,#4067,#4068);
#3155=DIRECTION('axis',(0.,0.,1.));
#3156=DIRECTION('refdir',(1.,0.,0.));
#3157=DIRECTION('center_axis',(0.,1.,2.16840434497101E-16));
#3158=DIRECTION('ref_axis',(0.,-1.48029736616688E-16,1.));
#3159=DIRECTION('center_axis',(0.,0.,1.));
#3160=DIRECTION('ref_axis',(1.,0.,0.));
#3161=DIRECTION('center_axis',(0.,0.,1.));
#3162=DIRECTION('ref_axis',(1.,0.,0.));
#3163=DIRECTION('center_axis',(0.,-1.,-2.16840434497101E-16));
#3164=DIRECTION('ref_axis',(0.,-2.16840434497101E-16,1.));
#3165=DIRECTION('center_axis',(-1.,0.,0.));
#3166=DIRECTION('ref_axis',(0.,-4.33680868994202E-16,1.));
#3167=DIRECTION('center_axis',(-1.,0.,0.));
#3168=DIRECTION('ref_axis',(0.,-4.33680868994202E-16,1.));
#3169=DIRECTION('center_axis',(0.,1.,0.));
#3170=DIRECTION('ref_axis',(0.,0.,1.));
#3171=DIRECTION('center_axis',(0.,0.,1.));
#3172=DIRECTION('ref_axis',(1.,0.,0.));
#3173=DIRECTION('center_axis',(0.,0.,1.));
#3174=DIRECTION('ref_axis',(1.,0.,0.));
#3175=DIRECTION('center_axis',(0.,-1.,0.));
#3176=DIRECTION('ref_axis',(0.,0.,1.));
#3177=DIRECTION('center_axis',(-1.,0.,0.));
#3178=DIRECTION('ref_axis',(0.,0.,1.));
#3179=DIRECTION('center_axis',(-1.,0.,0.));
#3180=DIRECTION('ref_axis',(0.,0.,1.));
#3181=DIRECTION('center_axis',(0.,0.,1.));
#3182=DIRECTION('ref_axis',(1.,0.,0.));
#3183=DIRECTION('center_axis',(0.,0.,1.));
#3184=DIRECTION('ref_axis',(1.,0.,0.));
#3185=DIRECTION('center_axis',(0.,0.,1.));
#3186=DIRECTION('ref_axis',(1.,0.,0.));
#3187=DIRECTION('center_axis',(0.,-1.,0.));
#3188=DIRECTION('ref_axis',(-1.,0.,0.));
#3189=DIRECTION('center_axis',(0.,0.,-1.));
#3190=DIRECTION('ref_axis',(1.,0.,0.));
#3191=DIRECTION('center_axis',(0.,0.,1.));
#3192=DIRECTION('ref_axis',(1.,0.,0.));
#3193=DIRECTION('center_axis',(0.,0.,1.));
#3194=DIRECTION('ref_axis',(1.,0.,0.));
#3195=DIRECTION('center_axis',(0.,0.,1.));
#3196=DIRECTION('ref_axis',(1.,0.,0.));
#3197=DIRECTION('center_axis',(0.,-1.,0.));
#3198=DIRECTION('ref_axis',(-1.,0.,0.));
#3199=DIRECTION('center_axis',(0.,0.,-1.));
#3200=DIRECTION('ref_axis',(1.,0.,0.));
#3201=DIRECTION('center_axis',(1.,0.,0.));
#3202=DIRECTION('ref_axis',(0.,0.,-1.));
#3203=DIRECTION('center_axis',(1.,0.,0.));
#3204=DIRECTION('ref_axis',(0.,0.,-1.));
#3205=DIRECTION('center_axis',(0.,-1.,0.));
#3206=DIRECTION('ref_axis',(0.,0.,1.));
#3207=DIRECTION('center_axis',(-1.,0.,0.));
#3208=DIRECTION('ref_axis',(0.,0.,-1.));
#3209=DIRECTION('center_axis',(-1.,0.,0.));
#3210=DIRECTION('ref_axis',(0.,0.,-1.));
#3211=DIRECTION('center_axis',(-1.,0.,0.));
#3212=DIRECTION('ref_axis',(0.,0.,1.));
#3213=DIRECTION('center_axis',(-1.,0.,0.));
#3214=DIRECTION('ref_axis',(0.,0.,1.));
#3215=DIRECTION('center_axis',(0.,-1.,2.15159500896348E-16));
#3216=DIRECTION('ref_axis',(0.,-2.15159500896348E-16,-1.));
#3217=DIRECTION('center_axis',(1.,0.,0.));
#3218=DIRECTION('ref_axis',(0.,0.,1.));
#3219=DIRECTION('center_axis',(0.,0.,-1.));
#3220=DIRECTION('ref_axis',(-1.,0.,0.));
#3221=DIRECTION('center_axis',(0.,0.,-1.));
#3222=DIRECTION('ref_axis',(-1.,0.,0.));
#3223=DIRECTION('center_axis',(0.,-1.,0.));
#3224=DIRECTION('ref_axis',(1.,0.,0.));
#3225=DIRECTION('center_axis',(0.,0.,1.));
#3226=DIRECTION('ref_axis',(-1.,0.,0.));
#3227=DIRECTION('center_axis',(0.,0.,1.));
#3228=DIRECTION('ref_axis',(-1.,0.,0.));
#3229=DIRECTION('center_axis',(0.,0.,-1.));
#3230=DIRECTION('ref_axis',(-1.,0.,0.));
#3231=DIRECTION('center_axis',(0.,0.,-1.));
#3232=DIRECTION('ref_axis',(-1.,0.,0.));
#3233=DIRECTION('center_axis',(0.,-1.,0.));
#3234=DIRECTION('ref_axis',(1.,0.,0.));
#3235=DIRECTION('center_axis',(0.,0.,1.));
#3236=DIRECTION('ref_axis',(-1.,0.,0.));
#3237=DIRECTION('center_axis',(0.,0.,1.));
#3238=DIRECTION('ref_axis',(-1.,0.,0.));
#3239=DIRECTION('center_axis',(0.,0.,-1.));
#3240=DIRECTION('ref_axis',(-1.,0.,0.));
#3241=DIRECTION('center_axis',(0.,0.,-1.));
#3242=DIRECTION('ref_axis',(-1.,0.,0.));
#3243=DIRECTION('center_axis',(0.,-1.,0.));
#3244=DIRECTION('ref_axis',(1.,0.,0.));
#3245=DIRECTION('center_axis',(0.,0.,1.));
#3246=DIRECTION('ref_axis',(-1.,0.,0.));
#3247=DIRECTION('center_axis',(0.,0.,1.));
#3248=DIRECTION('ref_axis',(-1.,0.,0.));
#3249=DIRECTION('center_axis',(0.,0.,-1.));
#3250=DIRECTION('ref_axis',(-1.,0.,0.));
#3251=DIRECTION('center_axis',(0.,0.,-1.));
#3252=DIRECTION('ref_axis',(-1.,0.,0.));
#3253=DIRECTION('center_axis',(0.,-1.,0.));
#3254=DIRECTION('ref_axis',(1.,0.,0.));
#3255=DIRECTION('center_axis',(0.,0.,1.));
#3256=DIRECTION('ref_axis',(-1.,0.,0.));
#3257=DIRECTION('center_axis',(0.,0.,1.));
#3258=DIRECTION('ref_axis',(-1.,0.,0.));
#3259=DIRECTION('center_axis',(0.,0.,1.));
#3260=DIRECTION('ref_axis',(1.,0.,0.));
#3261=DIRECTION('center_axis',(0.,0.,-1.));
#3262=DIRECTION('ref_axis',(1.,0.,0.));
#3263=DIRECTION('',(0.,0.,-1.));
#3264=DIRECTION('center_axis',(0.,0.,1.));
#3265=DIRECTION('ref_axis',(1.,0.,0.));
#3266=DIRECTION('center_axis',(0.,0.,-1.));
#3267=DIRECTION('ref_axis',(1.,0.,0.));
#3268=DIRECTION('',(0.,0.,-1.));
#3269=DIRECTION('center_axis',(0.,0.,1.));
#3270=DIRECTION('ref_axis',(1.,0.,0.));
#3271=DIRECTION('center_axis',(0.,0.,-1.));
#3272=DIRECTION('ref_axis',(1.,0.,0.));
#3273=DIRECTION('',(0.,0.,-1.));
#3274=DIRECTION('center_axis',(0.,0.,1.));
#3275=DIRECTION('ref_axis',(1.,0.,0.));
#3276=DIRECTION('center_axis',(0.,0.,-1.));
#3277=DIRECTION('ref_axis',(1.,0.,0.));
#3278=DIRECTION('',(0.,0.,-1.));
#3279=DIRECTION('center_axis',(0.,0.,-1.));
#3280=DIRECTION('ref_axis',(-1.,0.,0.));
#3281=DIRECTION('',(0.,0.,1.));
#3282=DIRECTION('center_axis',(1.,0.,0.));
#3283=DIRECTION('ref_axis',(0.,0.,-1.));
#3284=DIRECTION('',(-1.,0.,0.));
#3285=DIRECTION('center_axis',(1.,0.,0.));
#3286=DIRECTION('ref_axis',(0.,0.,1.));
#3287=DIRECTION('center_axis',(0.,0.,-1.));
#3288=DIRECTION('ref_axis',(-1.,0.,0.));
#3289=DIRECTION('',(0.,0.,1.));
#3290=DIRECTION('center_axis',(1.,0.,0.));
#3291=DIRECTION('ref_axis',(0.,0.,-1.));
#3292=DIRECTION('',(-1.,0.,0.));
#3293=DIRECTION('center_axis',(-1.,0.,0.));
#3294=DIRECTION('ref_axis',(0.,0.,1.));
#3295=DIRECTION('center_axis',(-1.,0.,0.));
#3296=DIRECTION('ref_axis',(0.,0.,1.));
#3297=DIRECTION('center_axis',(1.,0.,0.));
#3298=DIRECTION('ref_axis',(0.,0.,1.));
#3299=DIRECTION('',(1.,0.,0.));
#3300=DIRECTION('center_axis',(-1.,0.,0.));
#3301=DIRECTION('ref_axis',(0.,0.,1.));
#3302=DIRECTION('center_axis',(1.,0.,0.));
#3303=DIRECTION('ref_axis',(0.,0.,1.));
#3304=DIRECTION('',(1.,0.,0.));
#3305=DIRECTION('center_axis',(0.,0.,-1.));
#3306=DIRECTION('ref_axis',(-1.,0.,0.));
#3307=DIRECTION('center_axis',(0.,0.,1.));
#3308=DIRECTION('ref_axis',(-1.,0.,0.));
#3309=DIRECTION('',(0.,0.,1.));
#3310=DIRECTION('center_axis',(0.,0.,1.));
#3311=DIRECTION('ref_axis',(-1.,0.,0.));
#3312=DIRECTION('center_axis',(0.,0.,-1.));
#3313=DIRECTION('ref_axis',(-1.,0.,0.));
#3314=DIRECTION('center_axis',(0.,0.,1.));
#3315=DIRECTION('ref_axis',(1.,0.,0.));
#3316=DIRECTION('',(0.,0.,1.));
#3317=DIRECTION('center_axis',(0.,0.,1.));
#3318=DIRECTION('ref_axis',(1.,0.,0.));
#3319=DIRECTION('center_axis',(0.,0.,1.));
#3320=DIRECTION('ref_axis',(1.,0.,0.));
#3321=DIRECTION('center_axis',(0.,0.,1.));
#3322=DIRECTION('ref_axis',(-1.,0.,0.));
#3323=DIRECTION('',(0.,0.,1.));
#3324=DIRECTION('center_axis',(0.,0.,1.));
#3325=DIRECTION('ref_axis',(-1.,0.,0.));
#3326=DIRECTION('center_axis',(0.,0.,1.));
#3327=DIRECTION('ref_axis',(-1.,0.,0.));
#3328=DIRECTION('center_axis',(0.,0.,1.));
#3329=DIRECTION('ref_axis',(1.,0.,0.));
#3330=DIRECTION('center_axis',(0.,0.,1.));
#3331=DIRECTION('ref_axis',(1.,0.,0.));
#3332=DIRECTION('',(0.,0.,1.));
#3333=DIRECTION('center_axis',(0.,0.,1.));
#3334=DIRECTION('ref_axis',(1.,0.,0.));
#3335=DIRECTION('center_axis',(0.,0.,1.));
#3336=DIRECTION('ref_axis',(1.,0.,0.));
#3337=DIRECTION('center_axis',(0.,0.,1.));
#3338=DIRECTION('ref_axis',(1.,0.,0.));
#3339=DIRECTION('center_axis',(0.,0.,1.));
#3340=DIRECTION('ref_axis',(-1.,0.,0.));
#3341=DIRECTION('',(0.,0.,1.));
#3342=DIRECTION('center_axis',(0.,0.,1.));
#3343=DIRECTION('ref_axis',(-1.,0.,0.));
#3344=DIRECTION('center_axis',(1.,0.,0.));
#3345=DIRECTION('ref_axis',(0.,0.,-1.));
#3346=DIRECTION('center_axis',(1.,0.,0.));
#3347=DIRECTION('ref_axis',(0.,0.,-1.));
#3348=DIRECTION('center_axis',(0.,-1.,0.));
#3349=DIRECTION('ref_axis',(0.,0.,1.));
#3350=DIRECTION('center_axis',(-1.,0.,0.));
#3351=DIRECTION('ref_axis',(0.,0.,-1.));
#3352=DIRECTION('center_axis',(-1.,0.,0.));
#3353=DIRECTION('ref_axis',(0.,0.,-1.));
#3354=DIRECTION('center_axis',(1.,0.,0.));
#3355=DIRECTION('ref_axis',(0.,0.,-1.));
#3356=DIRECTION('center_axis',(1.,0.,0.));
#3357=DIRECTION('ref_axis',(0.,0.,-1.));
#3358=DIRECTION('center_axis',(0.,-1.,-1.85037170770859E-16));
#3359=DIRECTION('ref_axis',(0.,-1.85037170770859E-16,1.));
#3360=DIRECTION('center_axis',(-1.,0.,0.));
#3361=DIRECTION('ref_axis',(0.,0.,-1.));
#3362=DIRECTION('center_axis',(-1.,0.,0.));
#3363=DIRECTION('ref_axis',(0.,0.,-1.));
#3364=DIRECTION('center_axis',(1.,0.,0.));
#3365=DIRECTION('ref_axis',(0.,0.,-1.));
#3366=DIRECTION('center_axis',(-1.,0.,0.));
#3367=DIRECTION('ref_axis',(0.,0.,1.));
#3368=DIRECTION('',(1.,0.,0.));
#3369=DIRECTION('center_axis',(1.,0.,0.));
#3370=DIRECTION('ref_axis',(0.,0.,1.));
#3371=DIRECTION('center_axis',(1.,0.,0.));
#3372=DIRECTION('ref_axis',(0.,0.,-1.));
#3373=DIRECTION('center_axis',(-1.,0.,0.));
#3374=DIRECTION('ref_axis',(0.,0.,-1.));
#3375=DIRECTION('',(-1.,0.,0.));
#3376=DIRECTION('center_axis',(-1.,0.,0.));
#3377=DIRECTION('ref_axis',(0.,0.,1.));
#3378=DIRECTION('center_axis',(1.,0.,0.));
#3379=DIRECTION('ref_axis',(0.,0.,-1.));
#3380=DIRECTION('center_axis',(-1.,0.,0.));
#3381=DIRECTION('ref_axis',(0.,0.,1.));
#3382=DIRECTION('',(1.,0.,0.));
#3383=DIRECTION('center_axis',(1.,0.,0.));
#3384=DIRECTION('ref_axis',(0.,0.,1.));
#3385=DIRECTION('center_axis',(1.,0.,0.));
#3386=DIRECTION('ref_axis',(0.,0.,-1.));
#3387=DIRECTION('center_axis',(-1.,0.,0.));
#3388=DIRECTION('ref_axis',(0.,0.,1.));
#3389=DIRECTION('',(-1.,0.,0.));
#3390=DIRECTION('center_axis',(-1.,0.,0.));
#3391=DIRECTION('ref_axis',(0.,0.,1.));
#3392=DIRECTION('center_axis',(-1.,0.,0.));
#3393=DIRECTION('ref_axis',(0.,0.,1.));
#3394=DIRECTION('center_axis',(-1.,0.,0.));
#3395=DIRECTION('ref_axis',(0.,0.,-1.));
#3396=DIRECTION('',(-1.,0.,0.));
#3397=DIRECTION('center_axis',(-1.,0.,0.));
#3398=DIRECTION('ref_axis',(0.,0.,1.));
#3399=DIRECTION('center_axis',(-1.,0.,0.));
#3400=DIRECTION('ref_axis',(0.,0.,1.));
#3401=DIRECTION('',(-1.,0.,0.));
#3402=DIRECTION('center_axis',(0.,0.,1.));
#3403=DIRECTION('ref_axis',(1.,0.,0.));
#3404=DIRECTION('center_axis',(0.,0.,1.));
#3405=DIRECTION('ref_axis',(-1.,0.,0.));
#3406=DIRECTION('',(0.,0.,1.));
#3407=DIRECTION('center_axis',(0.,0.,-1.));
#3408=DIRECTION('ref_axis',(1.,0.,0.));
#3409=DIRECTION('center_axis',(0.,-1.,0.));
#3410=DIRECTION('ref_axis',(0.,0.,-1.));
#3411=DIRECTION('',(-1.,0.,0.));
#3412=DIRECTION('center_axis',(0.,1.,0.));
#3413=DIRECTION('ref_axis',(0.,0.,-1.));
#3414=DIRECTION('',(-1.0842021724855E-16,0.,-1.));
#3415=DIRECTION('',(-1.,0.,0.));
#3416=DIRECTION('',(0.,0.,1.));
#3417=DIRECTION('',(1.,0.,0.));
#3418=DIRECTION('',(0.,0.,-1.));
#3419=DIRECTION('',(-1.,0.,0.));
#3420=DIRECTION('center_axis',(0.,1.,0.));
#3421=DIRECTION('ref_axis',(0.,0.,1.));
#3422=DIRECTION('center_axis',(0.,-1.,0.));
#3423=DIRECTION('ref_axis',(0.,0.,1.));
#3424=DIRECTION('',(1.,0.,0.));
#3425=DIRECTION('',(1.,0.,0.));
#3426=DIRECTION('',(0.,0.,1.));
#3427=DIRECTION('',(-1.,0.,0.));
#3428=DIRECTION('',(0.,0.,-1.));
#3429=DIRECTION('',(1.,0.,0.));
#3430=DIRECTION('',(0.,0.,1.));
#3431=DIRECTION('center_axis',(1.,0.,0.));
#3432=DIRECTION('ref_axis',(0.,0.,-1.));
#3433=DIRECTION('',(0.,-1.,0.));
#3434=DIRECTION('',(0.,0.,1.));
#3435=DIRECTION('',(0.,1.,0.));
#3436=DIRECTION('',(0.,0.,-1.));
#3437=DIRECTION('center_axis',(-1.,0.,0.));
#3438=DIRECTION('ref_axis',(0.,0.,-1.));
#3439=DIRECTION('center_axis',(1.,0.,0.));
#3440=DIRECTION('ref_axis',(0.,0.,1.));
#3441=DIRECTION('',(0.,1.,1.02248250244907E-15));
#3442=DIRECTION('center_axis',(1.,0.,0.));
#3443=DIRECTION('ref_axis',(0.,0.,-1.));
#3444=DIRECTION('',(0.,0.707106781186548,-0.707106781186547));
#3445=DIRECTION('center_axis',(-1.,0.,0.));
#3446=DIRECTION('ref_axis',(0.,0.,1.));
#3447=DIRECTION('',(0.,1.,0.));
#3448=DIRECTION('center_axis',(-1.,0.,0.));
#3449=DIRECTION('ref_axis',(0.,0.,1.));
#3450=DIRECTION('',(0.,0.707106781186549,0.707106781186546));
#3451=DIRECTION('center_axis',(-1.,0.,0.));
#3452=DIRECTION('ref_axis',(0.,0.,1.));
#3453=DIRECTION('',(0.,0.,1.));
#3454=DIRECTION('center_axis',(-1.,0.,0.));
#3455=DIRECTION('ref_axis',(0.,0.,1.));
#3456=DIRECTION('',(0.,-0.707106781186548,0.707106781186548));
#3457=DIRECTION('center_axis',(-1.,0.,0.));
#3458=DIRECTION('ref_axis',(0.,0.,1.));
#3459=DIRECTION('',(0.,-1.,0.));
#3460=DIRECTION('center_axis',(-1.,0.,0.));
#3461=DIRECTION('ref_axis',(0.,0.,-1.));
#3462=DIRECTION('',(0.,-0.707106781186548,-0.707106781186548));
#3463=DIRECTION('center_axis',(1.,0.,0.));
#3464=DIRECTION('ref_axis',(0.,0.,1.));
#3465=DIRECTION('',(0.,-1.,1.02248250244907E-15));
#3466=DIRECTION('center_axis',(1.,0.,0.));
#3467=DIRECTION('ref_axis',(0.,0.,-1.));
#3468=DIRECTION('center_axis',(-1.,0.,0.));
#3469=DIRECTION('ref_axis',(0.,0.,1.));
#3470=DIRECTION('',(0.,-1.,1.31418445149758E-16));
#3471=DIRECTION('center_axis',(-1.,0.,0.));
#3472=DIRECTION('ref_axis',(0.,0.,1.));
#3473=DIRECTION('',(0.,-2.55106393526001E-16,-1.));
#3474=DIRECTION('center_axis',(-1.,0.,0.));
#3475=DIRECTION('ref_axis',(0.,0.,-1.));
#3476=DIRECTION('',(0.,1.,0.));
#3477=DIRECTION('center_axis',(-1.,0.,0.));
#3478=DIRECTION('ref_axis',(0.,0.,1.));
#3479=DIRECTION('',(0.,-1.,0.));
#3480=DIRECTION('',(0.,0.,-1.));
#3481=DIRECTION('',(0.,1.,0.));
#3482=DIRECTION('',(0.,0.,1.));
#3483=DIRECTION('',(0.,-1.,0.));
#3484=DIRECTION('center_axis',(1.,0.,0.));
#3485=DIRECTION('ref_axis',(0.,0.,1.));
#3486=DIRECTION('',(0.,0.,1.));
#3487=DIRECTION('',(0.,-1.,0.));
#3488=DIRECTION('',(0.,0.,-1.));
#3489=DIRECTION('center_axis',(1.,0.,0.));
#3490=DIRECTION('ref_axis',(0.,0.,1.));
#3491=DIRECTION('center_axis',(0.,0.,-1.));
#3492=DIRECTION('ref_axis',(-1.,0.,0.));
#3493=DIRECTION('',(1.,0.,0.));
#3494=DIRECTION('',(0.,1.,0.));
#3495=DIRECTION('',(-1.,0.,0.));
#3496=DIRECTION('',(0.,-1.,0.));
#3497=DIRECTION('center_axis',(0.,0.,-1.));
#3498=DIRECTION('ref_axis',(-1.,0.,0.));
#3499=DIRECTION('',(0.,1.,0.));
#3500=DIRECTION('',(1.,0.,0.));
#3501=DIRECTION('',(0.,-1.,0.));
#3502=DIRECTION('',(-1.,0.,0.));
#3503=DIRECTION('',(0.,1.,0.));
#3504=DIRECTION('center_axis',(0.,0.,-1.));
#3505=DIRECTION('ref_axis',(-1.,0.,0.));
#3506=DIRECTION('',(-1.,0.,0.));
#3507=DIRECTION('',(0.,1.,0.));
#3508=DIRECTION('',(1.,0.,0.));
#3509=DIRECTION('center_axis',(0.,0.,-1.));
#3510=DIRECTION('ref_axis',(-1.,0.,0.));
#3511=DIRECTION('center_axis',(1.,0.,0.));
#3512=DIRECTION('ref_axis',(0.,0.,-1.));
#3513=DIRECTION('',(1.,0.,0.));
#3514=DIRECTION('center_axis',(1.,0.,0.));
#3515=DIRECTION('ref_axis',(0.,0.,-1.));
#3516=DIRECTION('',(1.,0.,0.));
#3517=DIRECTION('center_axis',(0.,0.,-1.));
#3518=DIRECTION('ref_axis',(-1.,0.,0.));
#3519=DIRECTION('',(1.,0.,0.));
#3520=DIRECTION('',(0.,-1.,0.));
#3521=DIRECTION('center_axis',(1.,0.,0.));
#3522=DIRECTION('ref_axis',(0.,0.,-1.));
#3523=DIRECTION('',(1.,0.,0.));
#3524=DIRECTION('center_axis',(1.,0.,0.));
#3525=DIRECTION('ref_axis',(0.,0.,-1.));
#3526=DIRECTION('center_axis',(0.,-1.,2.55106393526001E-16));
#3527=DIRECTION('ref_axis',(0.,-2.55106393526001E-16,-1.));
#3528=DIRECTION('',(1.,0.,0.));
#3529=DIRECTION('',(0.,2.55106393526001E-16,1.));
#3530=DIRECTION('center_axis',(1.,0.,0.));
#3531=DIRECTION('ref_axis',(0.,0.,-1.));
#3532=DIRECTION('',(1.,0.,0.));
#3533=DIRECTION('center_axis',(1.,0.,0.));
#3534=DIRECTION('ref_axis',(0.,0.,-1.));
#3535=DIRECTION('center_axis',(0.,1.31418445149758E-16,1.));
#3536=DIRECTION('ref_axis',(0.,-1.,1.31418445149758E-16));
#3537=DIRECTION('',(1.,0.,0.));
#3538=DIRECTION('',(0.,1.,-1.31418445149758E-16));
#3539=DIRECTION('center_axis',(1.,0.,0.));
#3540=DIRECTION('ref_axis',(0.,0.,-1.));
#3541=DIRECTION('',(1.,0.,0.));
#3542=DIRECTION('center_axis',(1.,0.,0.));
#3543=DIRECTION('ref_axis',(0.,0.,-1.));
#3544=DIRECTION('center_axis',(1.,0.,0.));
#3545=DIRECTION('ref_axis',(0.,0.,-1.));
#3546=DIRECTION('',(1.,0.,0.));
#3547=DIRECTION('center_axis',(-1.,0.,0.));
#3548=DIRECTION('ref_axis',(0.,-1.73472347597681E-15,-1.));
#3549=DIRECTION('center_axis',(0.,1.02248250244907E-15,1.));
#3550=DIRECTION('ref_axis',(0.,-1.,1.02248250244907E-15));
#3551=DIRECTION('',(1.,0.,0.));
#3552=DIRECTION('',(0.,1.,-1.02248250244907E-15));
#3553=DIRECTION('center_axis',(1.,0.,0.));
#3554=DIRECTION('ref_axis',(0.,0.,-1.));
#3555=DIRECTION('',(1.,0.,0.));
#3556=DIRECTION('center_axis',(-1.,0.,0.));
#3557=DIRECTION('ref_axis',(0.,0.,-1.));
#3558=DIRECTION('center_axis',(0.,-0.707106781186548,0.707106781186547));
#3559=DIRECTION('ref_axis',(0.,-0.707106781186547,-0.707106781186548));
#3560=DIRECTION('',(1.,0.,0.));
#3561=DIRECTION('',(0.,0.707106781186548,0.707106781186548));
#3562=DIRECTION('center_axis',(1.,0.,0.));
#3563=DIRECTION('ref_axis',(0.,0.,-1.));
#3564=DIRECTION('',(1.,0.,0.));
#3565=DIRECTION('center_axis',(1.,0.,0.));
#3566=DIRECTION('ref_axis',(0.,0.,-1.));
#3567=DIRECTION('center_axis',(0.,0.,1.));
#3568=DIRECTION('ref_axis',(1.,0.,0.));
#3569=DIRECTION('',(1.,0.,0.));
#3570=DIRECTION('',(0.,1.,0.));
#3571=DIRECTION('center_axis',(1.,0.,0.));
#3572=DIRECTION('ref_axis',(0.,0.,-1.));
#3573=DIRECTION('',(1.,0.,0.));
#3574=DIRECTION('center_axis',(1.,0.,0.));
#3575=DIRECTION('ref_axis',(0.,0.,-1.));
#3576=DIRECTION('center_axis',(0.,0.707106781186547,0.707106781186548));
#3577=DIRECTION('ref_axis',(0.,-0.707106781186548,0.707106781186547));
#3578=DIRECTION('',(1.,0.,0.));
#3579=DIRECTION('',(0.,0.707106781186548,-0.707106781186547));
#3580=DIRECTION('center_axis',(1.,0.,0.));
#3581=DIRECTION('ref_axis',(0.,0.,-1.));
#3582=DIRECTION('',(1.,0.,0.));
#3583=DIRECTION('center_axis',(1.,0.,0.));
#3584=DIRECTION('ref_axis',(0.,0.,-1.));
#3585=DIRECTION('center_axis',(0.,1.,0.));
#3586=DIRECTION('ref_axis',(0.,0.,1.));
#3587=DIRECTION('',(1.,0.,0.));
#3588=DIRECTION('',(0.,0.,-1.));
#3589=DIRECTION('center_axis',(1.,0.,0.));
#3590=DIRECTION('ref_axis',(0.,0.,-1.));
#3591=DIRECTION('',(1.,0.,0.));
#3592=DIRECTION('center_axis',(1.,0.,0.));
#3593=DIRECTION('ref_axis',(0.,0.,-1.));
#3594=DIRECTION('center_axis',(0.,0.707106781186546,-0.707106781186549));
#3595=DIRECTION('ref_axis',(0.,0.707106781186549,0.707106781186546));
#3596=DIRECTION('',(1.,0.,0.));
#3597=DIRECTION('',(0.,-0.707106781186549,-0.707106781186546));
#3598=DIRECTION('center_axis',(1.,0.,0.));
#3599=DIRECTION('ref_axis',(0.,0.,-1.));
#3600=DIRECTION('',(1.,0.,0.));
#3601=DIRECTION('center_axis',(1.,0.,0.));
#3602=DIRECTION('ref_axis',(0.,0.,-1.));
#3603=DIRECTION('center_axis',(0.,0.,-1.));
#3604=DIRECTION('ref_axis',(-1.,0.,0.));
#3605=DIRECTION('',(1.,0.,0.));
#3606=DIRECTION('',(0.,-1.,0.));
#3607=DIRECTION('center_axis',(1.,0.,0.));
#3608=DIRECTION('ref_axis',(0.,0.,-1.));
#3609=DIRECTION('',(1.,0.,0.));
#3610=DIRECTION('center_axis',(1.,0.,0.));
#3611=DIRECTION('ref_axis',(0.,0.,-1.));
#3612=DIRECTION('center_axis',(0.,-0.707106781186547,-0.707106781186548));
#3613=DIRECTION('ref_axis',(0.,0.707106781186548,-0.707106781186547));
#3614=DIRECTION('',(1.,0.,0.));
#3615=DIRECTION('',(0.,-0.707106781186548,0.707106781186547));
#3616=DIRECTION('center_axis',(1.,0.,0.));
#3617=DIRECTION('ref_axis',(0.,0.,-1.));
#3618=DIRECTION('',(1.,0.,0.));
#3619=DIRECTION('center_axis',(-1.,0.,0.));
#3620=DIRECTION('ref_axis',(0.,0.,-1.));
#3621=DIRECTION('center_axis',(0.,1.02248250244907E-15,-1.));
#3622=DIRECTION('ref_axis',(0.,1.,1.02248250244907E-15));
#3623=DIRECTION('',(1.,0.,0.));
#3624=DIRECTION('',(0.,-1.,-1.02248250244907E-15));
#3625=DIRECTION('center_axis',(1.,0.,0.));
#3626=DIRECTION('ref_axis',(0.,0.,-1.));
#3627=DIRECTION('center_axis',(-1.,0.,0.));
#3628=DIRECTION('ref_axis',(0.,-2.71050543121376E-15,-1.));
#3629=DIRECTION('center_axis',(1.,0.,0.));
#3630=DIRECTION('ref_axis',(0.,0.,-1.));
#3631=DIRECTION('',(0.,1.,1.02248250244907E-15));
#3632=DIRECTION('center_axis',(1.,0.,0.));
#3633=DIRECTION('ref_axis',(0.,0.,-1.));
#3634=DIRECTION('center_axis',(-1.,0.,0.));
#3635=DIRECTION('ref_axis',(0.,1.68653671275523E-15,-1.));
#3636=DIRECTION('',(0.,1.,0.));
#3637=DIRECTION('center_axis',(-1.,0.,0.));
#3638=DIRECTION('ref_axis',(0.,0.,-1.));
#3639=DIRECTION('',(0.,-2.55106393526001E-16,-1.));
#3640=DIRECTION('center_axis',(-1.,0.,0.));
#3641=DIRECTION('ref_axis',(0.,5.20417042793043E-14,-1.));
#3642=DIRECTION('',(0.,-1.,1.31418445149758E-16));
#3643=DIRECTION('center_axis',(-1.,0.,0.));
#3644=DIRECTION('ref_axis',(0.,0.,-1.));
#3645=DIRECTION('center_axis',(1.,0.,0.));
#3646=DIRECTION('ref_axis',(0.,0.,-1.));
#3647=DIRECTION('',(0.,-1.,1.02248250244907E-15));
#3648=DIRECTION('center_axis',(1.,0.,0.));
#3649=DIRECTION('ref_axis',(0.,0.,-1.));
#3650=DIRECTION('',(0.,-0.707106781186548,-0.707106781186548));
#3651=DIRECTION('center_axis',(-1.,0.,0.));
#3652=DIRECTION('ref_axis',(0.,4.55364912443912E-14,-1.));
#3653=DIRECTION('',(0.,-1.,0.));
#3654=DIRECTION('center_axis',(-1.,0.,0.));
#3655=DIRECTION('ref_axis',(0.,0.,-1.));
#3656=DIRECTION('',(0.,-0.707106781186548,0.707106781186547));
#3657=DIRECTION('center_axis',(-1.,0.,0.));
#3658=DIRECTION('ref_axis',(0.,0.,-1.));
#3659=DIRECTION('',(0.,0.,1.));
#3660=DIRECTION('center_axis',(-1.,0.,0.));
#3661=DIRECTION('ref_axis',(0.,0.,-1.));
#3662=DIRECTION('',(0.,0.707106781186549,0.707106781186546));
#3663=DIRECTION('center_axis',(-1.,0.,0.));
#3664=DIRECTION('ref_axis',(0.,0.,-1.));
#3665=DIRECTION('',(0.,1.,0.));
#3666=DIRECTION('center_axis',(-1.,0.,0.));
#3667=DIRECTION('ref_axis',(0.,-4.33680868994204E-15,-1.));
#3668=DIRECTION('',(0.,0.707106781186548,-0.707106781186547));
#3669=DIRECTION('center_axis',(1.,0.,0.));
#3670=DIRECTION('ref_axis',(0.,0.,-1.));
#3671=DIRECTION('center_axis',(-1.,0.,0.));
#3672=DIRECTION('ref_axis',(0.,0.,1.));
#3673=DIRECTION('center_axis',(1.,0.,0.));
#3674=DIRECTION('ref_axis',(0.,0.,-1.));
#3675=DIRECTION('center_axis',(-1.,0.,0.));
#3676=DIRECTION('ref_axis',(0.,0.,1.));
#3677=DIRECTION('center_axis',(-1.,0.,0.));
#3678=DIRECTION('ref_axis',(0.,0.,1.));
#3679=DIRECTION('center_axis',(-1.,0.,0.));
#3680=DIRECTION('ref_axis',(0.,0.,1.));
#3681=DIRECTION('center_axis',(-1.,0.,0.));
#3682=DIRECTION('ref_axis',(0.,0.,1.));
#3683=DIRECTION('center_axis',(0.,-1.,0.));
#3684=DIRECTION('ref_axis',(0.,0.,-1.));
#3685=DIRECTION('center_axis',(0.,1.,0.));
#3686=DIRECTION('ref_axis',(0.,0.,1.));
#3687=DIRECTION('center_axis',(0.,-1.,-4.33680868994202E-15));
#3688=DIRECTION('ref_axis',(0.,4.33680868994202E-15,-1.));
#3689=DIRECTION('center_axis',(0.,-0.707106781186547,0.707106781186548));
#3690=DIRECTION('ref_axis',(0.,-0.707106781186548,-0.707106781186547));
#3691=DIRECTION('center_axis',(0.,0.707106781186544,0.707106781186551));
#3692=DIRECTION('ref_axis',(0.,-0.707106781186551,0.707106781186544));
#3693=DIRECTION('center_axis',(0.,-0.707106781186548,0.707106781186547));
#3694=DIRECTION('ref_axis',(0.,-0.707106781186547,-0.707106781186548));
#3695=DIRECTION('center_axis',(0.,-0.707106781186546,0.707106781186549));
#3696=DIRECTION('ref_axis',(0.,-0.707106781186549,-0.707106781186546));
#3697=DIRECTION('center_axis',(0.,-0.707106781186547,-0.707106781186548));
#3698=DIRECTION('ref_axis',(0.,0.707106781186548,-0.707106781186547));
#3699=DIRECTION('center_axis',(1.53329341668338E-15,0.707106781186548,0.707106781186547));
#3700=DIRECTION('ref_axis',(1.8735446498999E-30,-0.707106781186547,0.707106781186548));
#3701=DIRECTION('center_axis',(0.,0.,1.));
#3702=DIRECTION('ref_axis',(1.,0.,0.));
#3703=DIRECTION('center_axis',(1.,0.,0.));
#3704=DIRECTION('ref_axis',(0.,0.,-1.));
#3705=DIRECTION('center_axis',(0.,1.,-5.01443504774547E-15));
#3706=DIRECTION('ref_axis',(0.,5.01443504774547E-15,1.));
#3707=DIRECTION('center_axis',(0.,0.,1.));
#3708=DIRECTION('ref_axis',(1.,0.,0.));
#3709=DIRECTION('center_axis',(0.,-4.33680868994201E-15,1.));
#3710=DIRECTION('ref_axis',(0.,-1.,-4.33680868994201E-15));
#3711=DIRECTION('center_axis',(0.,-1.,1.02248250244907E-15));
#3712=DIRECTION('ref_axis',(0.,-1.02248250244907E-15,-1.));
#3713=DIRECTION('center_axis',(0.,1.,-1.08420217248551E-15));
#3714=DIRECTION('ref_axis',(0.,1.08420217248551E-15,1.));
#3715=DIRECTION('center_axis',(0.,0.707106781186548,0.707106781186548));
#3716=DIRECTION('ref_axis',(0.,-0.707106781186547,0.707106781186547));
#3717=DIRECTION('center_axis',(1.,0.,0.));
#3718=DIRECTION('ref_axis',(0.,0.,-1.));
#3719=DIRECTION('center_axis',(4.51750905202296E-16,0.416666666666667,-0.90905934288631));
#3720=DIRECTION('ref_axis',(-2.46519032881566E-31,0.90905934288631,0.416666666666667));
#3721=DIRECTION('center_axis',(0.,0.707106781186549,0.707106781186547));
#3722=DIRECTION('ref_axis',(0.,-0.707106781186547,0.707106781186549));
#3723=DIRECTION('center_axis',(0.,0.707106781186548,0.707106781186548));
#3724=DIRECTION('ref_axis',(0.,-0.707106781186547,0.707106781186547));
#3725=DIRECTION('center_axis',(1.,0.,0.));
#3726=DIRECTION('ref_axis',(0.,0.,-1.));
#3727=DIRECTION('center_axis',(0.,1.,0.));
#3728=DIRECTION('ref_axis',(0.,0.,1.));
#3729=DIRECTION('center_axis',(0.,1.,0.));
#3730=DIRECTION('ref_axis',(0.,0.,1.));
#3731=DIRECTION('center_axis',(0.,-1.,1.31418445149758E-16));
#3732=DIRECTION('ref_axis',(0.,-1.31418445149758E-16,-1.));
#3733=DIRECTION('center_axis',(0.,1.,0.));
#3734=DIRECTION('ref_axis',(0.,0.,1.));
#3735=DIRECTION('center_axis',(0.,1.,0.));
#3736=DIRECTION('ref_axis',(0.,0.,1.));
#3737=DIRECTION('center_axis',(0.,1.,4.33680868994201E-15));
#3738=DIRECTION('ref_axis',(0.,-4.33680868994201E-15,1.));
#3739=DIRECTION('center_axis',(-5.642372883947E-29,-6.50521303491301E-15,
1.));
#3740=DIRECTION('ref_axis',(-7.96545955566226E-59,-1.,-6.50521303491301E-15));
#3741=DIRECTION('center_axis',(0.,0.707106781186549,-0.707106781186546));
#3742=DIRECTION('ref_axis',(0.,0.707106781186546,0.707106781186549));
#3743=DIRECTION('center_axis',(0.,-2.55106393526001E-16,-1.));
#3744=DIRECTION('ref_axis',(0.,1.,-2.55106393526001E-16));
#3745=DIRECTION('center_axis',(0.,0.,1.));
#3746=DIRECTION('ref_axis',(1.,0.,0.));
#3747=DIRECTION('center_axis',(0.,0.707106781186548,-0.707106781186547));
#3748=DIRECTION('ref_axis',(0.,0.707106781186547,0.707106781186548));
#3749=DIRECTION('center_axis',(0.,0.707106781186544,-0.707106781186551));
#3750=DIRECTION('ref_axis',(0.,0.707106781186551,0.707106781186544));
#3751=DIRECTION('center_axis',(0.,-1.,-8.67361737988401E-15));
#3752=DIRECTION('ref_axis',(0.,8.67361737988401E-15,-1.));
#3753=DIRECTION('center_axis',(1.,0.,0.));
#3754=DIRECTION('ref_axis',(0.,0.,-1.));
#3755=DIRECTION('center_axis',(0.,1.,1.08420217248551E-15));
#3756=DIRECTION('ref_axis',(0.,-1.08420217248551E-15,1.));
#3757=DIRECTION('center_axis',(0.,1.,0.));
#3758=DIRECTION('ref_axis',(0.,0.,1.));
#3759=DIRECTION('center_axis',(0.,-1.,0.));
#3760=DIRECTION('ref_axis',(0.,0.,-1.));
#3761=DIRECTION('center_axis',(0.,1.,1.02248250244907E-15));
#3762=DIRECTION('ref_axis',(0.,-1.02248250244907E-15,1.));
#3763=DIRECTION('center_axis',(0.,1.,5.42101086242753E-16));
#3764=DIRECTION('ref_axis',(0.,-5.42101086242753E-16,1.));
#3765=DIRECTION('center_axis',(1.,0.,0.));
#3766=DIRECTION('ref_axis',(0.,0.,-1.));
#3767=DIRECTION('center_axis',(-9.03501810404596E-16,-0.416666666666668,
-0.909059342886309));
#3768=DIRECTION('ref_axis',(0.,0.909059342886309,-0.416666666666668));
#3769=DIRECTION('center_axis',(1.,0.,0.));
#3770=DIRECTION('ref_axis',(0.,0.,-1.));
#3771=DIRECTION('center_axis',(0.,0.,-1.));
#3772=DIRECTION('ref_axis',(-1.,0.,0.));
#3773=DIRECTION('',(0.,1.,0.));
#3774=DIRECTION('',(-1.,0.,0.));
#3775=DIRECTION('',(-1.,0.,0.));
#3776=DIRECTION('',(0.,-1.,0.));
#3777=DIRECTION('',(1.,0.,0.));
#3778=DIRECTION('center_axis',(1.,0.,0.));
#3779=DIRECTION('ref_axis',(0.,0.,-1.));
#3780=DIRECTION('',(0.,0.,-1.));
#3781=DIRECTION('',(0.,-1.,0.));
#3782=DIRECTION('',(0.,0.,1.));
#3783=DIRECTION('',(0.,1.,0.));
#3784=DIRECTION('center_axis',(0.,-1.,0.));
#3785=DIRECTION('ref_axis',(0.,0.,-1.));
#3786=DIRECTION('',(1.,0.,0.));
#3787=DIRECTION('',(0.,0.,1.));
#3788=DIRECTION('',(-1.,0.,0.));
#3789=DIRECTION('',(0.,0.,-1.));
#3790=DIRECTION('center_axis',(1.,0.,-1.0842021724855E-16));
#3791=DIRECTION('ref_axis',(-1.0842021724855E-16,0.,-1.));
#3792=DIRECTION('',(1.0842021724855E-16,0.,1.));
#3793=DIRECTION('',(0.,1.,0.));
#3794=DIRECTION('',(-1.0842021724855E-16,0.,-1.));
#3795=DIRECTION('',(0.,-1.,0.));
#3796=DIRECTION('center_axis',(0.,0.,-1.));
#3797=DIRECTION('ref_axis',(-1.,0.,0.));
#3798=DIRECTION('',(1.,0.,0.));
#3799=DIRECTION('',(0.,1.,0.));
#3800=DIRECTION('',(-1.,0.,0.));
#3801=DIRECTION('',(0.,-1.,0.));
#3802=DIRECTION('',(1.,0.,0.));
#3803=DIRECTION('center_axis',(0.,-1.,0.));
#3804=DIRECTION('ref_axis',(0.,0.,-1.));
#3805=DIRECTION('',(1.,0.,0.));
#3806=DIRECTION('',(0.,0.,-1.));
#3807=DIRECTION('',(-1.,0.,0.));
#3808=DIRECTION('',(1.0842021724855E-16,0.,1.));
#3809=DIRECTION('center_axis',(0.,0.,1.));
#3810=DIRECTION('ref_axis',(1.,0.,0.));
#3811=DIRECTION('center_axis',(0.,0.,-1.));
#3812=DIRECTION('ref_axis',(-1.,0.,0.));
#3813=DIRECTION('center_axis',(0.,0.,1.));
#3814=DIRECTION('ref_axis',(1.,0.,0.));
#3815=DIRECTION('center_axis',(0.,0.,1.));
#3816=DIRECTION('ref_axis',(1.,0.,0.));
#3817=DIRECTION('center_axis',(0.,0.,-1.));
#3818=DIRECTION('ref_axis',(-1.,0.,0.));
#3819=DIRECTION('center_axis',(0.,0.,-1.));
#3820=DIRECTION('ref_axis',(-1.,0.,0.));
#3821=DIRECTION('center_axis',(1.,0.,0.));
#3822=DIRECTION('ref_axis',(0.,0.,-1.));
#3823=DIRECTION('center_axis',(-1.,0.,0.));
#3824=DIRECTION('ref_axis',(0.,0.,1.));
#3825=DIRECTION('center_axis',(0.,0.,1.));
#3826=DIRECTION('ref_axis',(1.,0.,0.));
#3827=DIRECTION('center_axis',(0.,0.,1.));
#3828=DIRECTION('ref_axis',(1.,0.,0.));
#3829=DIRECTION('center_axis',(0.,0.,-1.));
#3830=DIRECTION('ref_axis',(-1.,0.,0.));
#3831=DIRECTION('center_axis',(0.,0.,-1.));
#3832=DIRECTION('ref_axis',(-1.,0.,0.));
#3833=DIRECTION('center_axis',(0.,0.,-1.));
#3834=DIRECTION('ref_axis',(-1.,0.,0.));
#3835=DIRECTION('center_axis',(0.,0.,-1.));
#3836=DIRECTION('ref_axis',(-1.,0.,0.));
#3837=DIRECTION('center_axis',(0.,1.,0.));
#3838=DIRECTION('ref_axis',(0.,0.,1.));
#3839=DIRECTION('center_axis',(-1.,0.,0.));
#3840=DIRECTION('ref_axis',(0.,0.,-1.));
#3841=DIRECTION('center_axis',(0.,0.,1.));
#3842=DIRECTION('ref_axis',(-1.,0.,0.));
#3843=DIRECTION('center_axis',(0.,-1.,0.));
#3844=DIRECTION('ref_axis',(0.,0.,1.));
#3845=DIRECTION('center_axis',(0.,0.,1.));
#3846=DIRECTION('ref_axis',(1.,0.,0.));
#3847=DIRECTION('center_axis',(0.,0.,1.));
#3848=DIRECTION('ref_axis',(-1.,0.,0.));
#3849=DIRECTION('center_axis',(0.,1.,0.));
#3850=DIRECTION('ref_axis',(0.,0.,1.));
#3851=DIRECTION('center_axis',(0.,-1.,0.));
#3852=DIRECTION('ref_axis',(0.,0.,-1.));
#3853=DIRECTION('center_axis',(1.,0.,0.));
#3854=DIRECTION('ref_axis',(0.,0.,-1.));
#3855=DIRECTION('center_axis',(-1.,0.,-5.42101086242751E-16));
#3856=DIRECTION('ref_axis',(-5.42101086242751E-16,0.,1.));
#3857=DIRECTION('center_axis',(-1.,0.,0.));
#3858=DIRECTION('ref_axis',(0.,0.,1.));
#3859=DIRECTION('center_axis',(-1.,0.,0.));
#3860=DIRECTION('ref_axis',(0.,0.,1.));
#3861=DIRECTION('center_axis',(1.,0.,0.));
#3862=DIRECTION('ref_axis',(0.,0.,-1.));
#3863=DIRECTION('center_axis',(0.,0.,-1.));
#3864=DIRECTION('ref_axis',(-1.,0.,0.));
#3865=DIRECTION('center_axis',(0.,-1.,0.));
#3866=DIRECTION('ref_axis',(0.,0.,1.));
#3867=DIRECTION('center_axis',(0.,1.,0.));
#3868=DIRECTION('ref_axis',(1.,0.,0.));
#3869=DIRECTION('center_axis',(1.,0.,0.));
#3870=DIRECTION('ref_axis',(0.,0.,1.));
#3871=DIRECTION('center_axis',(0.,0.,-1.));
#3872=DIRECTION('ref_axis',(1.,0.,0.));
#3873=DIRECTION('center_axis',(-1.,0.,0.));
#3874=DIRECTION('ref_axis',(0.,0.,-1.));
#3875=DIRECTION('center_axis',(0.,1.,0.));
#3876=DIRECTION('ref_axis',(1.,0.,0.));
#3877=DIRECTION('center_axis',(0.,1.,0.));
#3878=DIRECTION('ref_axis',(0.,0.,-1.));
#3879=DIRECTION('center_axis',(0.,0.,1.));
#3880=DIRECTION('ref_axis',(-1.,0.,0.));
#3881=DIRECTION('center_axis',(0.,-1.,0.));
#3882=DIRECTION('ref_axis',(0.,0.,-1.));
#3883=DIRECTION('center_axis',(0.,-1.,0.));
#3884=DIRECTION('ref_axis',(0.,0.,-1.));
#3885=DIRECTION('center_axis',(0.,0.,1.));
#3886=DIRECTION('ref_axis',(1.,0.,0.));
#3887=DIRECTION('center_axis',(0.,0.,-1.));
#3888=DIRECTION('ref_axis',(-1.,0.,0.));
#3889=DIRECTION('center_axis',(1.,0.,0.));
#3890=DIRECTION('ref_axis',(0.,0.,-1.));
#3891=DIRECTION('center_axis',(1.,0.,0.));
#3892=DIRECTION('ref_axis',(0.,0.,-1.));
#3893=DIRECTION('center_axis',(0.,1.,0.));
#3894=DIRECTION('ref_axis',(0.,0.,1.));
#3895=DIRECTION('center_axis',(0.,1.,0.));
#3896=DIRECTION('ref_axis',(0.,0.,1.));
#3897=DIRECTION('center_axis',(0.,-1.,0.));
#3898=DIRECTION('ref_axis',(0.,0.,-1.));
#3899=DIRECTION('center_axis',(1.,0.,0.));
#3900=DIRECTION('ref_axis',(0.,0.,-1.));
#3901=DIRECTION('center_axis',(-1.,0.,0.));
#3902=DIRECTION('ref_axis',(0.,0.,1.));
#3903=DIRECTION('center_axis',(0.,0.,-1.));
#3904=DIRECTION('ref_axis',(-1.,0.,0.));
#3905=DIRECTION('center_axis',(0.,0.,1.));
#3906=DIRECTION('ref_axis',(1.,0.,0.));
#3907=DIRECTION('center_axis',(0.,1.,0.));
#3908=DIRECTION('ref_axis',(0.,0.,1.));
#3909=DIRECTION('center_axis',(-8.67361737988405E-15,1.,0.));
#3910=DIRECTION('ref_axis',(-1.,-8.67361737988405E-15,0.));
#3911=DIRECTION('center_axis',(1.,0.,0.));
#3912=DIRECTION('ref_axis',(0.,0.,-1.));
#3913=DIRECTION('center_axis',(1.,0.,0.));
#3914=DIRECTION('ref_axis',(0.,0.,-1.));
#3915=DIRECTION('center_axis',(-1.,0.,0.));
#3916=DIRECTION('ref_axis',(0.,0.,1.));
#3917=DIRECTION('center_axis',(0.,1.,0.));
#3918=DIRECTION('ref_axis',(1.,0.,0.));
#3919=DIRECTION('center_axis',(1.,0.,0.));
#3920=DIRECTION('ref_axis',(0.,0.,1.));
#3921=DIRECTION('center_axis',(0.,1.,0.));
#3922=DIRECTION('ref_axis',(1.,0.,0.));
#3923=DIRECTION('center_axis',(0.,0.,-1.));
#3924=DIRECTION('ref_axis',(1.,0.,0.));
#3925=DIRECTION('center_axis',(-1.,0.,0.));
#3926=DIRECTION('ref_axis',(0.,0.,1.));
#3927=DIRECTION('center_axis',(0.,0.,1.));
#3928=DIRECTION('ref_axis',(-1.,0.,0.));
#3929=DIRECTION('center_axis',(0.,1.,0.));
#3930=DIRECTION('ref_axis',(1.,0.,0.));
#3931=DIRECTION('center_axis',(0.,1.,0.));
#3932=DIRECTION('ref_axis',(0.,0.,-1.));
#3933=DIRECTION('center_axis',(1.,0.,0.));
#3934=DIRECTION('ref_axis',(0.,0.,1.));
#3935=DIRECTION('center_axis',(0.,1.,0.));
#3936=DIRECTION('ref_axis',(1.,0.,0.));
#3937=DIRECTION('center_axis',(0.,0.,1.));
#3938=DIRECTION('ref_axis',(-1.,0.,0.));
#3939=DIRECTION('center_axis',(0.,0.,-1.));
#3940=DIRECTION('ref_axis',(-1.,0.,0.));
#3941=DIRECTION('center_axis',(0.,0.,-1.));
#3942=DIRECTION('ref_axis',(-1.,0.,0.));
#3943=DIRECTION('center_axis',(0.,1.,0.));
#3944=DIRECTION('ref_axis',(0.,0.,-1.));
#3945=DIRECTION('center_axis',(0.,1.,0.));
#3946=DIRECTION('ref_axis',(0.,0.,1.));
#3947=DIRECTION('center_axis',(0.,1.,0.));
#3948=DIRECTION('ref_axis',(0.,0.,1.));
#3949=DIRECTION('center_axis',(1.,0.,0.));
#3950=DIRECTION('ref_axis',(0.,0.,-1.));
#3951=DIRECTION('center_axis',(1.,0.,0.));
#3952=DIRECTION('ref_axis',(0.,0.,-1.));
#3953=DIRECTION('center_axis',(0.,0.,-1.));
#3954=DIRECTION('ref_axis',(-1.,0.,0.));
#3955=DIRECTION('center_axis',(0.,2.57498015965307E-15,-1.));
#3956=DIRECTION('ref_axis',(0.,1.,2.57498015965307E-15));
#3957=DIRECTION('center_axis',(0.,0.,-1.));
#3958=DIRECTION('ref_axis',(-1.,0.,0.));
#3959=DIRECTION('center_axis',(0.,0.,1.));
#3960=DIRECTION('ref_axis',(1.,0.,0.));
#3961=DIRECTION('center_axis',(1.,0.,0.));
#3962=DIRECTION('ref_axis',(0.,0.,-1.));
#3963=DIRECTION('center_axis',(1.,0.,0.));
#3964=DIRECTION('ref_axis',(0.,0.,-1.));
#3965=DIRECTION('center_axis',(0.,-1.,0.));
#3966=DIRECTION('ref_axis',(0.,0.,-1.));
#3967=DIRECTION('center_axis',(0.,1.,-8.67361737988401E-15));
#3968=DIRECTION('ref_axis',(0.,8.67361737988401E-15,1.));
#3969=DIRECTION('center_axis',(0.,0.,-1.));
#3970=DIRECTION('ref_axis',(-1.,0.,0.));
#3971=DIRECTION('center_axis',(0.,0.,1.));
#3972=DIRECTION('ref_axis',(1.,0.,0.));
#3973=DIRECTION('center_axis',(-1.0842021724855E-16,0.,-1.));
#3974=DIRECTION('ref_axis',(-1.,0.,1.0842021724855E-16));
#3975=DIRECTION('center_axis',(0.,0.,-1.));
#3976=DIRECTION('ref_axis',(-1.,0.,0.));
#3977=DIRECTION('center_axis',(0.,1.,0.));
#3978=DIRECTION('ref_axis',(1.,0.,0.));
#3979=DIRECTION('center_axis',(1.,0.,0.));
#3980=DIRECTION('ref_axis',(0.,0.,1.));
#3981=DIRECTION('center_axis',(1.35525271560688E-16,0.,1.));
#3982=DIRECTION('ref_axis',(-1.,0.,1.35525271560688E-16));
#3983=DIRECTION('center_axis',(0.,1.,0.));
#3984=DIRECTION('ref_axis',(1.,0.,0.));
#3985=DIRECTION('center_axis',(0.,1.,0.));
#3986=DIRECTION('ref_axis',(0.,0.,-1.));
#3987=DIRECTION('center_axis',(0.,1.,0.));
#3988=DIRECTION('ref_axis',(1.,0.,0.));
#3989=DIRECTION('center_axis',(0.,1.,0.));
#3990=DIRECTION('ref_axis',(0.,0.,-1.));
#3991=DIRECTION('center_axis',(0.,1.,0.));
#3992=DIRECTION('ref_axis',(1.,0.,0.));
#3993=DIRECTION('center_axis',(1.,0.,0.));
#3994=DIRECTION('ref_axis',(0.,0.,1.));
#3995=DIRECTION('center_axis',(0.,-1.,0.));
#3996=DIRECTION('ref_axis',(0.,0.,-1.));
#3997=DIRECTION('center_axis',(-1.,0.,0.));
#3998=DIRECTION('ref_axis',(0.,0.,-1.));
#3999=DIRECTION('center_axis',(0.,1.,0.));
#4000=DIRECTION('ref_axis',(0.,0.,-1.));
#4001=DIRECTION('center_axis',(0.,-1.,0.));
#4002=DIRECTION('ref_axis',(0.,0.,-1.));
#4003=DIRECTION('center_axis',(0.,1.,0.));
#4004=DIRECTION('ref_axis',(0.,0.,1.));
#4005=DIRECTION('center_axis',(1.0842021724855E-16,0.,1.));
#4006=DIRECTION('ref_axis',(1.,0.,-1.0842021724855E-16));
#4007=DIRECTION('center_axis',(0.,0.,1.));
#4008=DIRECTION('ref_axis',(1.,0.,0.));
#4009=DIRECTION('center_axis',(1.,0.,0.));
#4010=DIRECTION('ref_axis',(0.,0.,-1.));
#4011=DIRECTION('center_axis',(1.,0.,0.));
#4012=DIRECTION('ref_axis',(0.,0.,-1.));
#4013=DIRECTION('center_axis',(0.,-1.,0.));
#4014=DIRECTION('ref_axis',(0.,0.,-1.));
#4015=DIRECTION('center_axis',(0.,1.,0.));
#4016=DIRECTION('ref_axis',(0.,0.,1.));
#4017=DIRECTION('center_axis',(0.,1.,0.));
#4018=DIRECTION('ref_axis',(0.,0.,1.));
#4019=DIRECTION('center_axis',(0.,1.,0.));
#4020=DIRECTION('ref_axis',(0.,0.,1.));
#4021=DIRECTION('center_axis',(-1.,0.,0.));
#4022=DIRECTION('ref_axis',(0.,0.,1.));
#4023=DIRECTION('center_axis',(1.,0.,4.33680868994201E-15));
#4024=DIRECTION('ref_axis',(4.33680868994201E-15,0.,-1.));
#4025=DIRECTION('center_axis',(-1.,0.,0.));
#4026=DIRECTION('ref_axis',(0.,0.,1.));
#4027=DIRECTION('center_axis',(-1.,0.,0.));
#4028=DIRECTION('ref_axis',(0.,0.,1.));
#4029=DIRECTION('center_axis',(0.,1.,0.));
#4030=DIRECTION('ref_axis',(1.,0.,0.));
#4031=DIRECTION('center_axis',(1.,-1.62630325872825E-15,0.));
#4032=DIRECTION('ref_axis',(-1.62630325872825E-15,-1.,0.));
#4033=DIRECTION('center_axis',(0.,1.,0.));
#4034=DIRECTION('ref_axis',(1.,0.,0.));
#4035=DIRECTION('center_axis',(-2.57498015965308E-15,0.,1.));
#4036=DIRECTION('ref_axis',(-1.,0.,-2.57498015965308E-15));
#4037=DIRECTION('center_axis',(0.,1.,0.));
#4038=DIRECTION('ref_axis',(1.,0.,0.));
#4039=DIRECTION('center_axis',(0.,0.,-1.));
#4040=DIRECTION('ref_axis',(1.,0.,0.));
#4041=DIRECTION('center_axis',(-1.,0.,-2.71050543121375E-15));
#4042=DIRECTION('ref_axis',(-2.71050543121375E-15,0.,1.));
#4043=DIRECTION('center_axis',(1.,0.,0.));
#4044=DIRECTION('ref_axis',(0.,0.,-1.));
#4045=DIRECTION('center_axis',(1.,0.,0.));
#4046=DIRECTION('ref_axis',(0.,0.,-1.));
#4047=DIRECTION('center_axis',(0.,0.,-1.));
#4048=DIRECTION('ref_axis',(-1.,0.,0.));
#4049=DIRECTION('center_axis',(0.,0.,1.));
#4050=DIRECTION('ref_axis',(1.,0.,0.));
#4051=DIRECTION('center_axis',(0.,0.,-1.));
#4052=DIRECTION('ref_axis',(-1.,0.,0.));
#4053=DIRECTION('center_axis',(0.,0.,-1.));
#4054=DIRECTION('ref_axis',(-1.,0.,0.));
#4055=DIRECTION('center_axis',(-1.,0.,0.));
#4056=DIRECTION('ref_axis',(0.,0.,1.));
#4057=DIRECTION('center_axis',(-1.,0.,0.));
#4058=DIRECTION('ref_axis',(0.,0.,1.));
#4059=DIRECTION('center_axis',(0.,1.,0.));
#4060=DIRECTION('ref_axis',(1.,0.,0.));
#4061=DIRECTION('center_axis',(0.,-1.,0.));
#4062=DIRECTION('ref_axis',(0.,0.,1.));
#4063=DIRECTION('center_axis',(-1.,0.,0.));
#4064=DIRECTION('ref_axis',(0.,0.,1.));
#4065=DIRECTION('center_axis',(0.,1.,0.));
#4066=DIRECTION('ref_axis',(0.,0.,-1.));
#4067=DIRECTION('center_axis',(0.,-1.,0.));
#4068=DIRECTION('ref_axis',(0.,0.,-1.));
#4069=CARTESIAN_POINT('',(0.,0.,0.));
#4070=CARTESIAN_POINT('Origin',(3.75,2.5,0.5));
#4071=CARTESIAN_POINT('',(4.75,2.5,0.499999999999999));
#4072=CARTESIAN_POINT('',(6.75,2.5,0.499999999999999));
#4073=CARTESIAN_POINT('Origin',(5.75,2.5,0.499999999999999));
#4074=CARTESIAN_POINT('Origin',(5.75,2.5,0.499999999999999));
#4075=CARTESIAN_POINT('',(3.75,2.5,1.5));
#4076=CARTESIAN_POINT('Origin',(3.75,2.5,0.5));
#4077=CARTESIAN_POINT('',(3.75,2.5,3.5));
#4078=CARTESIAN_POINT('Origin',(3.75,2.5,2.5));
#4079=CARTESIAN_POINT('Origin',(3.75,2.5,2.5));
#4080=CARTESIAN_POINT('Origin',(3.75,-2.5,0.5));
#4081=CARTESIAN_POINT('',(4.75,-2.5,0.5));
#4082=CARTESIAN_POINT('',(6.75,-2.5,0.5));
#4083=CARTESIAN_POINT('Origin',(5.75,-2.5,0.5));
#4084=CARTESIAN_POINT('Origin',(5.75,-2.5,0.5));
#4085=CARTESIAN_POINT('',(3.75,-2.5,1.5));
#4086=CARTESIAN_POINT('Origin',(3.75,-2.5,0.5));
#4087=CARTESIAN_POINT('',(3.75,-2.5,3.5));
#4088=CARTESIAN_POINT('Origin',(3.75,-2.5,2.5));
#4089=CARTESIAN_POINT('Origin',(3.75,-2.5,2.5));
#4090=CARTESIAN_POINT('Origin',(5.75,2.5,0.1));
#4091=CARTESIAN_POINT('',(6.75,2.5,0.1));
#4092=CARTESIAN_POINT('',(4.75,2.5,0.1));
#4093=CARTESIAN_POINT('Origin',(5.75,2.5,0.1));
#4094=CARTESIAN_POINT('Origin',(5.75,2.5,0.1));
#4095=CARTESIAN_POINT('',(4.85,2.5,0.));
#4096=CARTESIAN_POINT('Origin',(4.85,2.5,0.1));
#4097=CARTESIAN_POINT('Origin',(5.75,2.5,0.));
#4098=CARTESIAN_POINT('Origin',(5.75,-2.5,0.1));
#4099=CARTESIAN_POINT('',(6.75,-2.5,0.1));
#4100=CARTESIAN_POINT('',(4.75,-2.5,0.1));
#4101=CARTESIAN_POINT('Origin',(5.75,-2.5,0.1));
#4102=CARTESIAN_POINT('Origin',(5.75,-2.5,0.1));
#4103=CARTESIAN_POINT('',(4.85,-2.5,0.));
#4104=CARTESIAN_POINT('Origin',(4.85,-2.5,0.1));
#4105=CARTESIAN_POINT('Origin',(5.75,-2.5,0.));
#4106=CARTESIAN_POINT('Origin',(3.05,-2.5,2.5));
#4107=CARTESIAN_POINT('',(3.15,-2.5,3.69));
#4108=CARTESIAN_POINT('Origin',(3.15,-2.5,2.5));
#4109=CARTESIAN_POINT('',(3.05,-2.5,3.79));
#4110=CARTESIAN_POINT('Origin',(3.05,-2.5,3.69));
#4111=CARTESIAN_POINT('',(3.05,-2.5,1.21));
#4112=CARTESIAN_POINT('Origin',(3.05,-2.5,2.5));
#4113=CARTESIAN_POINT('Origin',(3.05,-2.5,2.5));
#4114=CARTESIAN_POINT('Origin',(3.05,2.5,2.5));
#4115=CARTESIAN_POINT('',(3.05,2.5,1.21));
#4116=CARTESIAN_POINT('Origin',(3.05,2.5,2.5));
#4117=CARTESIAN_POINT('',(3.15,2.5,1.31));
#4118=CARTESIAN_POINT('Origin',(3.05,2.5,1.31));
#4119=CARTESIAN_POINT('Origin',(3.15,2.5,2.5));
#4120=CARTESIAN_POINT('Origin',(5.75,-2.5,-1.9));
#4121=CARTESIAN_POINT('',(6.4,-2.5,-2.));
#4122=CARTESIAN_POINT('Origin',(5.75,-2.5,-2.));
#4123=CARTESIAN_POINT('',(6.5,-2.5,-1.9));
#4124=CARTESIAN_POINT('Origin',(6.4,-2.5,-1.9));
#4125=CARTESIAN_POINT('',(5.,-2.5,-1.9));
#4126=CARTESIAN_POINT('Origin',(5.75,-2.5,-1.9));
#4127=CARTESIAN_POINT('Origin',(5.75,-2.5,-1.9));
#4128=CARTESIAN_POINT('Origin',(5.75,2.5,-1.9));
#4129=CARTESIAN_POINT('',(6.4,2.5,-2.));
#4130=CARTESIAN_POINT('Origin',(5.75,2.5,-2.));
#4131=CARTESIAN_POINT('',(6.5,2.5,-1.9));
#4132=CARTESIAN_POINT('Origin',(6.4,2.5,-1.9));
#4133=CARTESIAN_POINT('',(5.,2.5,-1.9));
#4134=CARTESIAN_POINT('Origin',(5.75,2.5,-1.9));
#4135=CARTESIAN_POINT('Origin',(5.75,2.5,-1.9));
#4136=CARTESIAN_POINT('Origin',(0.75,5.5,-1.9));
#4137=CARTESIAN_POINT('',(1.1,5.5,-2.));
#4138=CARTESIAN_POINT('Origin',(0.75,5.5,-2.));
#4139=CARTESIAN_POINT('',(1.2,5.5,-1.9));
#4140=CARTESIAN_POINT('Origin',(1.1,5.5,-1.9));
#4141=CARTESIAN_POINT('',(0.3,5.5,-1.9));
#4142=CARTESIAN_POINT('Origin',(0.75,5.5,-1.9));
#4143=CARTESIAN_POINT('Origin',(0.75,5.5,-1.9));
#4144=CARTESIAN_POINT('Origin',(0.75,-5.5,-1.9));
#4145=CARTESIAN_POINT('',(1.1,-5.5,-2.));
#4146=CARTESIAN_POINT('Origin',(0.75,-5.5,-2.));
#4147=CARTESIAN_POINT('',(1.2,-5.5,-1.9));
#4148=CARTESIAN_POINT('Origin',(1.1,-5.5,-1.9));
#4149=CARTESIAN_POINT('',(0.3,-5.5,-1.9));
#4150=CARTESIAN_POINT('Origin',(0.75,-5.5,-1.9));
#4151=CARTESIAN_POINT('Origin',(0.75,-5.5,-1.9));
#4152=CARTESIAN_POINT('Origin',(0.75,5.5,-3.27279220613579));
#4153=CARTESIAN_POINT('',(0.3,5.5,3.5));
#4154=CARTESIAN_POINT('Origin',(0.75,5.5,3.5));
#4155=CARTESIAN_POINT('',(0.3,5.5,-3.27279220613579));
#4156=CARTESIAN_POINT('Origin',(0.75,-5.5,-3.27279220613579));
#4157=CARTESIAN_POINT('',(0.3,-5.5,3.5));
#4158=CARTESIAN_POINT('Origin',(0.75,-5.5,3.5));
#4159=CARTESIAN_POINT('',(0.3,-5.5,-3.27279220613579));
#4160=CARTESIAN_POINT('Origin',(5.75,2.5,-2.));
#4161=CARTESIAN_POINT('',(5.,2.5,0.));
#4162=CARTESIAN_POINT('Origin',(5.75,2.5,0.));
#4163=CARTESIAN_POINT('',(5.,2.5,-2.));
#4164=CARTESIAN_POINT('Origin',(5.75,-2.5,-2.));
#4165=CARTESIAN_POINT('',(5.,-2.5,0.));
#4166=CARTESIAN_POINT('Origin',(5.75,-2.5,0.));
#4167=CARTESIAN_POINT('',(5.,-2.5,-2.));
#4168=CARTESIAN_POINT('Origin',(5.75,2.5,0.5));
#4169=CARTESIAN_POINT('',(6.75,2.5,0.5));
#4170=CARTESIAN_POINT('Origin',(3.15,2.5,2.5));
#4171=CARTESIAN_POINT('',(3.15,2.5,3.5));
#4172=CARTESIAN_POINT('',(3.15,2.5,3.5));
#4173=CARTESIAN_POINT('Origin',(3.15,2.5,2.5));
#4174=CARTESIAN_POINT('Origin',(5.75,-2.5,0.5));
#4175=CARTESIAN_POINT('',(6.75,-2.5,0.5));
#4176=CARTESIAN_POINT('Origin',(3.15,-2.5,2.5));
#4177=CARTESIAN_POINT('',(3.15,-2.5,3.5));
#4178=CARTESIAN_POINT('',(3.15,-2.5,3.5));
#4179=CARTESIAN_POINT('Origin',(3.15,-2.5,2.5));
#4180=CARTESIAN_POINT('Origin',(3.15,2.5,2.5));
#4181=CARTESIAN_POINT('',(2.15,2.5,1.21));
#4182=CARTESIAN_POINT('Origin',(2.15,2.5,2.5));
#4183=CARTESIAN_POINT('',(3.15,2.5,1.21));
#4184=CARTESIAN_POINT('Origin',(3.15,-2.5,2.5));
#4185=CARTESIAN_POINT('',(2.15,-2.5,1.21));
#4186=CARTESIAN_POINT('Origin',(2.15,-2.5,2.5));
#4187=CARTESIAN_POINT('',(3.15,-2.5,1.21));
#4188=CARTESIAN_POINT('Origin',(0.75,5.5,4.));
#4189=CARTESIAN_POINT('',(1.265,5.5,3.5));
#4190=CARTESIAN_POINT('Origin',(0.75,5.5,3.5));
#4191=CARTESIAN_POINT('',(1.265,5.5,4.));
#4192=CARTESIAN_POINT('',(1.265,5.5,4.));
#4193=CARTESIAN_POINT('Origin',(0.75,5.5,4.));
#4194=CARTESIAN_POINT('Origin',(0.75,-5.5,4.));
#4195=CARTESIAN_POINT('',(1.265,-5.5,3.5));
#4196=CARTESIAN_POINT('Origin',(0.75,-5.5,3.5));
#4197=CARTESIAN_POINT('',(1.265,-5.5,4.));
#4198=CARTESIAN_POINT('',(1.265,-5.5,4.));
#4199=CARTESIAN_POINT('Origin',(0.75,-5.5,4.));
#4200=CARTESIAN_POINT('Origin',(0.75,5.5,3.5));
#4201=CARTESIAN_POINT('',(0.225,5.5,3.5));
#4202=CARTESIAN_POINT('Origin',(0.75,5.5,3.5));
#4203=CARTESIAN_POINT('',(0.225,5.5,4.));
#4204=CARTESIAN_POINT('',(0.225,5.5,3.5));
#4205=CARTESIAN_POINT('',(0.479583654340198,5.05,4.));
#4206=CARTESIAN_POINT('Origin',(0.75,5.5,4.));
#4207=CARTESIAN_POINT('',(1.0204163456598,5.05,4.));
#4208=CARTESIAN_POINT('Ctrl Pts',(0.479583654340198,5.05,4.));
#4209=CARTESIAN_POINT('Ctrl Pts',(0.514672257123961,5.02891437391313,4.));
#4210=CARTESIAN_POINT('Ctrl Pts',(0.552106598595437,5.01200517997572,4.00000460473802));
#4211=CARTESIAN_POINT('Ctrl Pts',(0.593973725275498,4.99871191147228,4.00000017193343));
#4212=CARTESIAN_POINT('Ctrl Pts',(0.596830934269464,4.99783153461791,3.99999991439923));
#4213=CARTESIAN_POINT('Ctrl Pts',(0.606361675924204,4.99498370707942,4.00000021873472));
#4214=CARTESIAN_POINT('Ctrl Pts',(0.613068046722805,4.99312421282768,4.00000629304273));
#4215=CARTESIAN_POINT('Ctrl Pts',(0.627689872580132,4.98938135166877,4.00002503402746));
#4216=CARTESIAN_POINT('Ctrl Pts',(0.635616182337381,4.98754754902858,4.00003853781162));
#4217=CARTESIAN_POINT('Ctrl Pts',(0.66548267129922,4.98136523954449,4.00008231197116));
#4218=CARTESIAN_POINT('Ctrl Pts',(0.6876484147332,4.97823614636502,4.00008455326487));
#4219=CARTESIAN_POINT('Ctrl Pts',(0.722870343066774,4.97554131401356,4.0000293547323));
#4220=CARTESIAN_POINT('Ctrl Pts',(0.735822042687975,4.9750315627444,4.00000138657508));
#4221=CARTESIAN_POINT('Ctrl Pts',(0.749189897902008,4.97500046394285,4.00000000478654));
#4222=CARTESIAN_POINT('Ctrl Pts',(0.749594957982725,4.97500000522027,3.99999998464364));
#4223=CARTESIAN_POINT('Ctrl Pts',(0.762983185116907,4.97500000522027,4.0000004921045));
#4224=CARTESIAN_POINT('Ctrl Pts',(0.775962662903423,4.97548157989052,4.00003001243602));
#4225=CARTESIAN_POINT('Ctrl Pts',(0.794573879976297,4.97686484165413,4.00006114096547));
#4226=CARTESIAN_POINT('Ctrl Pts',(0.800227730749731,4.97737738223939,4.00006938198702));
#4227=CARTESIAN_POINT('Ctrl Pts',(0.811130359384582,4.97854430327729,4.00008011365019));
#4228=CARTESIAN_POINT('Ctrl Pts',(0.816379580244341,4.97918648640575,4.00008297243524));
#4229=CARTESIAN_POINT('Ctrl Pts',(0.822229643874314,4.97999205835824,4.00008325285107));
#4230=CARTESIAN_POINT('Ctrl Pts',(0.822840835833466,4.98007731972941,4.0000832475516));
#4231=CARTESIAN_POINT('Ctrl Pts',(0.842497244923164,4.98285473256374,4.00008197179464));
#4232=CARTESIAN_POINT('Ctrl Pts',(0.861379470409383,4.98659039328571,4.00004067771132));
#4233=CARTESIAN_POINT('Ctrl Pts',(0.886761713247259,4.99307812828445,4.00000647754285));
#4234=CARTESIAN_POINT('Ctrl Pts',(0.893477468485687,4.99493785810845,4.00000012995996));
#4235=CARTESIAN_POINT('Ctrl Pts',(0.922214439015126,5.00351516328356,3.99999957916854));
#4236=CARTESIAN_POINT('Ctrl Pts',(0.943833069293931,5.01154814040659,4.00000348319392));
#4237=CARTESIAN_POINT('Ctrl Pts',(0.983945167374439,5.0295408204634,4.00000205893502));
#4238=CARTESIAN_POINT('Ctrl Pts',(1.00249444774812,5.03923027968763,4.));
#4239=CARTESIAN_POINT('Ctrl Pts',(1.0204163456598,5.05,4.));
#4240=CARTESIAN_POINT('Origin',(0.75,5.5,4.));
#4241=CARTESIAN_POINT('Origin',(0.75,-5.5,3.5));
#4242=CARTESIAN_POINT('',(0.225,-5.5,3.5));
#4243=CARTESIAN_POINT('Origin',(0.75,-5.5,3.5));
#4244=CARTESIAN_POINT('',(0.225,-5.5,4.));
#4245=CARTESIAN_POINT('',(0.225,-5.5,3.5));
#4246=CARTESIAN_POINT('',(1.0204163456598,-5.05,4.));
#4247=CARTESIAN_POINT('Origin',(0.75,-5.5,4.));
#4248=CARTESIAN_POINT('',(0.479583654340201,-5.05,4.));
#4249=CARTESIAN_POINT('Ctrl Pts',(1.0204163456598,-5.05,4.));
#4250=CARTESIAN_POINT('Ctrl Pts',(0.985327742870916,-5.02891437391005,4.));
#4251=CARTESIAN_POINT('Ctrl Pts',(0.947893401393644,-5.01200517997079,4.00000460473801));
#4252=CARTESIAN_POINT('Ctrl Pts',(0.906026274706899,-4.9987119114668,4.00000017193342));
#4253=CARTESIAN_POINT('Ctrl Pts',(0.903169065712506,-4.99783153461241,3.99999991439923));
#4254=CARTESIAN_POINT('Ctrl Pts',(0.893638324056209,-4.99498370707384,4.00000021873474));
#4255=CARTESIAN_POINT('Ctrl Pts',(0.886931953256486,-4.99312421282207,4.00000629304276));
#4256=CARTESIAN_POINT('Ctrl Pts',(0.872310127396675,-4.9893813516632,4.00002503402749));
#4257=CARTESIAN_POINT('Ctrl Pts',(0.864383817638084,-4.98754754902308,4.00003853781166));
#4258=CARTESIAN_POINT('Ctrl Pts',(0.834517328671508,-4.98136523953958,4.00008231197119));
#4259=CARTESIAN_POINT('Ctrl Pts',(0.812351585234044,-4.97823614636097,4.00008455326483));
#4260=CARTESIAN_POINT('Ctrl Pts',(0.777129656895308,-4.97554131401156,4.00002935473223));
#4261=CARTESIAN_POINT('Ctrl Pts',(0.764177957272434,-4.97503156274329,4.00000138657501));
#4262=CARTESIAN_POINT('Ctrl Pts',(0.750810102022946,-4.97500046394271,4.00000000478653));
#4263=CARTESIAN_POINT('Ctrl Pts',(0.750405041953947,-4.97500000522027,3.9999999846436));
#4264=CARTESIAN_POINT('Ctrl Pts',(0.737016814821985,-4.97500000522027,4.00000049210573));
#4265=CARTESIAN_POINT('Ctrl Pts',(0.724037337024783,-4.97548157989506,4.00003001243615));
#4266=CARTESIAN_POINT('Ctrl Pts',(0.705426119992511,-4.9768648416568,4.00006114096552));
#4267=CARTESIAN_POINT('Ctrl Pts',(0.69977226921976,-4.97737738224233,4.00006938198706));
#4268=CARTESIAN_POINT('Ctrl Pts',(0.688869640586221,-4.97854430328072,4.00008011365021));
#4269=CARTESIAN_POINT('Ctrl Pts',(0.683620419727222,-4.97918648640938,4.00008297243525));
#4270=CARTESIAN_POINT('Ctrl Pts',(0.677770356097977,-4.97999205836209,4.00008325285107));
#4271=CARTESIAN_POINT('Ctrl Pts',(0.677159164138794,-4.9800773197333,4.0000832475516));
#4272=CARTESIAN_POINT('Ctrl Pts',(0.657502755052104,-4.98285473256826,4.00008197179461));
#4273=CARTESIAN_POINT('Ctrl Pts',(0.638620529568589,-4.98659039329059,4.00004067771128));
#4274=CARTESIAN_POINT('Ctrl Pts',(0.6132382867344,-4.99307812828942,4.00000647754283));
#4275=CARTESIAN_POINT('Ctrl Pts',(0.606522531496966,-4.99493785811339,4.00000012995995));
#4276=CARTESIAN_POINT('Ctrl Pts',(0.577785560971717,-5.00351516328827,3.99999957916857));
#4277=CARTESIAN_POINT('Ctrl Pts',(0.556166930696007,-5.01154814041073,4.00000348319392));
#4278=CARTESIAN_POINT('Ctrl Pts',(0.516054832620946,-5.02954082046582,4.00000205893502));
#4279=CARTESIAN_POINT('Ctrl Pts',(0.497505552249664,-5.03923027968897,4.));
#4280=CARTESIAN_POINT('Ctrl Pts',(0.479583654340201,-5.05,4.));
#4281=CARTESIAN_POINT('Origin',(0.75,-5.5,4.));
#4282=CARTESIAN_POINT('Origin',(0.75,5.5,-0.00100000000000013));
#4283=CARTESIAN_POINT('',(0.29,5.5,0.));
#4284=CARTESIAN_POINT('Origin',(0.75,5.5,0.));
#4285=CARTESIAN_POINT('',(0.29,5.5,3.5));
#4286=CARTESIAN_POINT('',(0.29,5.5,-0.00100000000000013));
#4287=CARTESIAN_POINT('Origin',(0.75,5.5,3.5));
#4288=CARTESIAN_POINT('Origin',(-8.05,-2.5,2.5));
#4289=CARTESIAN_POINT('',(-8.15,-2.5,3.9));
#4290=CARTESIAN_POINT('Origin',(-8.15,-2.5,2.5));
#4291=CARTESIAN_POINT('',(-8.05,-2.5,3.8));
#4292=CARTESIAN_POINT('Origin',(-8.05,-2.5,3.9));
#4293=CARTESIAN_POINT('',(-8.05,-2.5,1.2));
#4294=CARTESIAN_POINT('Origin',(-8.05,-2.5,2.5));
#4295=CARTESIAN_POINT('Origin',(-8.05,-2.5,2.5));
#4296=CARTESIAN_POINT('Origin',(-8.05,2.5,2.5));
#4297=CARTESIAN_POINT('',(-8.15,2.5,3.9));
#4298=CARTESIAN_POINT('Origin',(-8.15,2.5,2.5));
#4299=CARTESIAN_POINT('',(-8.05,2.5,3.8));
#4300=CARTESIAN_POINT('Origin',(-8.05,2.5,3.9));
#4301=CARTESIAN_POINT('',(-8.05,2.5,1.2));
#4302=CARTESIAN_POINT('Origin',(-8.05,2.5,2.5));
#4303=CARTESIAN_POINT('Origin',(-8.05,2.5,2.5));
#4304=CARTESIAN_POINT('Origin',(-8.15,-2.5,2.5));
#4305=CARTESIAN_POINT('',(-8.15,-2.5,3.75));
#4306=CARTESIAN_POINT('Origin',(-8.15,-2.5,2.5));
#4307=CARTESIAN_POINT('',(-3.15,-2.5,3.75));
#4308=CARTESIAN_POINT('',(-8.15,-2.5,3.75));
#4309=CARTESIAN_POINT('Origin',(-3.15,-2.5,2.5));
#4310=CARTESIAN_POINT('Origin',(-3.15,-2.5,2.5));
#4311=CARTESIAN_POINT('',(-2.15,-2.5,3.79));
#4312=CARTESIAN_POINT('Origin',(-2.15,-2.5,2.5));
#4313=CARTESIAN_POINT('',(-8.15,-2.5,3.79));
#4314=CARTESIAN_POINT('',(-3.15,-2.5,3.79));
#4315=CARTESIAN_POINT('Origin',(-8.15,-2.5,2.5));
#4316=CARTESIAN_POINT('Origin',(-8.15,2.5,2.5));
#4317=CARTESIAN_POINT('',(-8.15,2.5,3.75));
#4318=CARTESIAN_POINT('Origin',(-8.15,2.5,2.5));
#4319=CARTESIAN_POINT('',(-3.15,2.5,3.75));
#4320=CARTESIAN_POINT('',(-8.15,2.5,3.75));
#4321=CARTESIAN_POINT('Origin',(-3.15,2.5,2.5));
#4322=CARTESIAN_POINT('Origin',(-3.15,2.5,2.5));
#4323=CARTESIAN_POINT('',(-2.15,2.5,3.79));
#4324=CARTESIAN_POINT('Origin',(-2.15,2.5,2.5));
#4325=CARTESIAN_POINT('',(-8.15,2.5,3.79));
#4326=CARTESIAN_POINT('',(-3.15,2.5,3.79));
#4327=CARTESIAN_POINT('Origin',(-8.15,2.5,2.5));
#4328=CARTESIAN_POINT('Origin',(-2.15,-2.5,2.5));
#4329=CARTESIAN_POINT('',(-2.15,-2.5,1.2));
#4330=CARTESIAN_POINT('Origin',(-2.15,-2.5,2.5));
#4331=CARTESIAN_POINT('',(-2.15,-2.5,1.2));
#4332=CARTESIAN_POINT('Origin',(-2.15,2.5,2.5));
#4333=CARTESIAN_POINT('',(-2.15,2.5,1.2));
#4334=CARTESIAN_POINT('Origin',(-2.15,2.5,2.5));
#4335=CARTESIAN_POINT('',(-2.15,2.5,1.2));
#4336=CARTESIAN_POINT('Origin',(0.75,-5.5,-0.00100000000000013));
#4337=CARTESIAN_POINT('',(0.29,-5.5,0.));
#4338=CARTESIAN_POINT('Origin',(0.75,-5.5,0.));
#4339=CARTESIAN_POINT('',(0.29,-5.5,3.5));
#4340=CARTESIAN_POINT('',(0.29,-5.5,-0.00100000000000013));
#4341=CARTESIAN_POINT('Origin',(0.75,-5.5,3.5));
#4342=CARTESIAN_POINT('Origin',(-2.15,4.95,5.));
#4343=CARTESIAN_POINT('',(1.0204163456598,4.95,4.1));
#4344=CARTESIAN_POINT('',(0.479583654340198,4.95,4.1));
#4345=CARTESIAN_POINT('Ctrl Pts',(1.0204163456598,4.95,4.1));
#4346=CARTESIAN_POINT('Ctrl Pts',(0.978994246961789,4.95,4.099999664539));
#4347=CARTESIAN_POINT('Ctrl Pts',(0.938492941970704,4.95000000009075,4.0933991989263));
#4348=CARTESIAN_POINT('Ctrl Pts',(0.898106803254683,4.95000000027801,4.08585886616724));
#4349=CARTESIAN_POINT('Ctrl Pts',(0.893576046017381,4.95000000029902,4.08501294679228));
#4350=CARTESIAN_POINT('Ctrl Pts',(0.889046739043143,4.95000000031956,4.08415514951776));
#4351=CARTESIAN_POINT('Ctrl Pts',(0.884517745690656,4.95000000033878,4.08329344364636));
#4352=CARTESIAN_POINT('Ctrl Pts',(0.852334964443863,4.95000000047531,4.0771702084371));
#4353=CARTESIAN_POINT('Ctrl Pts',(0.820090023950588,4.95000000050401,4.07098701822557));
#4354=CARTESIAN_POINT('Ctrl Pts',(0.787826319150799,4.95000000039795,4.06799124298212));
#4355=CARTESIAN_POINT('Ctrl Pts',(0.775277010214482,4.95000000035671,4.06682600454261));
#4356=CARTESIAN_POINT('Ctrl Pts',(0.762724895834557,4.95000000029953,4.06614342299303));
#4357=CARTESIAN_POINT('Ctrl Pts',(0.750172654842089,4.95000000023406,4.06613701193522));
#4358=CARTESIAN_POINT('Ctrl Pts',(0.750026109998824,4.9500000002333,4.06613693708744));
#4359=CARTESIAN_POINT('Ctrl Pts',(0.749879565047559,4.95000000023254,4.06613695435132));
#4360=CARTESIAN_POINT('Ctrl Pts',(0.749733019998674,4.95000000023178,4.06613706403663));
#4361=CARTESIAN_POINT('Ctrl Pts',(0.719678394221489,4.95000000007665,4.0661595591728));
#4362=CARTESIAN_POINT('Ctrl Pts',(0.689599174270246,4.95000000005159,4.07005501818295));
#4363=CARTESIAN_POINT('Ctrl Pts',(0.659532419771916,4.95000000002833,4.07519315304438));
#4364=CARTESIAN_POINT('Ctrl Pts',(0.644744639056328,4.95000000001689,4.07772025026142));
#4365=CARTESIAN_POINT('Ctrl Pts',(0.629959872652439,4.95000000001068,4.0805470311727));
#4366=CARTESIAN_POINT('Ctrl Pts',(0.615182533448572,4.95000000000683,4.08335763852581));
#4367=CARTESIAN_POINT('Ctrl Pts',(0.58440292257231,4.94999999999883,4.08921183185934));
#4368=CARTESIAN_POINT('Ctrl Pts',(0.553509149140467,4.95000000000006,4.09487385184614));
#4369=CARTESIAN_POINT('Ctrl Pts',(0.522396953136621,4.95000000000001,4.09784515531096));
#4370=CARTESIAN_POINT('Ctrl Pts',(0.508174665948444,4.94999999999999,4.09920342430601));
#4371=CARTESIAN_POINT('Ctrl Pts',(0.493906782818953,4.95,4.09999990604556));
#4372=CARTESIAN_POINT('Ctrl Pts',(0.479583654340198,4.95,4.1));
#4373=CARTESIAN_POINT('',(0.100000000000001,4.95,4.1));
#4374=CARTESIAN_POINT('',(1.30104260698261E-15,4.95,4.1));
#4375=CARTESIAN_POINT('',(-0.0999999999999987,4.95,3.9));
#4376=CARTESIAN_POINT('Origin',(0.100000000000001,4.95,3.9));
#4377=CARTESIAN_POINT('',(-0.0999999999999991,4.95,0.1));
#4378=CARTESIAN_POINT('',(-0.0999999999999991,4.95,1.0842021724855E-17));
#4379=CARTESIAN_POINT('',(-2.05,4.95,0.1));
#4380=CARTESIAN_POINT('',(-2.15,4.95,0.1));
#4381=CARTESIAN_POINT('',(-2.05,4.95,4.9));
#4382=CARTESIAN_POINT('',(-2.05,4.95,5.));
#4383=CARTESIAN_POINT('',(2.05,4.95,4.9));
#4384=CARTESIAN_POINT('',(-2.15,4.95,4.9));
#4385=CARTESIAN_POINT('',(2.05,4.95,4.1));
#4386=CARTESIAN_POINT('',(2.05,4.95,5.));
#4387=CARTESIAN_POINT('',(1.30104260698261E-15,4.95,4.1));
#4388=CARTESIAN_POINT('Origin',(-2.15,-4.95,5.));
#4389=CARTESIAN_POINT('',(0.100000000000001,-4.95,4.1));
#4390=CARTESIAN_POINT('',(-0.0999999999999991,-4.95,3.9));
#4391=CARTESIAN_POINT('Origin',(0.100000000000001,-4.95,3.9));
#4392=CARTESIAN_POINT('',(0.479583654340201,-4.95,4.1));
#4393=CARTESIAN_POINT('',(2.15,-4.95,4.1));
#4394=CARTESIAN_POINT('',(1.0204163456598,-4.95,4.1));
#4395=CARTESIAN_POINT('Ctrl Pts',(0.479583654340201,-4.95,4.1));
#4396=CARTESIAN_POINT('Ctrl Pts',(0.521005753004223,-4.95,4.099999664539));
#4397=CARTESIAN_POINT('Ctrl Pts',(0.561507057962882,-4.95000000009074,4.09339919893712));
#4398=CARTESIAN_POINT('Ctrl Pts',(0.601893196645987,-4.95000000027801,4.0858588661858));
#4399=CARTESIAN_POINT('Ctrl Pts',(0.606423953916355,-4.95000000029902,4.08501294680484));
#4400=CARTESIAN_POINT('Ctrl Pts',(0.610953260923629,-4.95000000031956,4.08415514952409));
#4401=CARTESIAN_POINT('Ctrl Pts',(0.615482254309147,-4.95000000033877,4.0832934436464));
#4402=CARTESIAN_POINT('Ctrl Pts',(0.647665035557656,-4.95000000047531,4.07717020843683));
#4403=CARTESIAN_POINT('Ctrl Pts',(0.679909976052575,-4.950000000504,4.07098701822497));
#4404=CARTESIAN_POINT('Ctrl Pts',(0.712173680854009,-4.95000000039795,4.06799124298168));
#4405=CARTESIAN_POINT('Ctrl Pts',(0.724722989788755,-4.9500000003567,4.06682600454244));
#4406=CARTESIAN_POINT('Ctrl Pts',(0.737275104167108,-4.95000000029952,4.06614342299303));
#4407=CARTESIAN_POINT('Ctrl Pts',(0.749827345158008,-4.95000000023406,4.06613701193523));
#4408=CARTESIAN_POINT('Ctrl Pts',(0.749973890001175,-4.9500000002333,4.06613693708745));
#4409=CARTESIAN_POINT('Ctrl Pts',(0.75012043495234,-4.95000000023254,4.06613695435133));
#4410=CARTESIAN_POINT('Ctrl Pts',(0.750266980001127,-4.95000000023178,4.06613706403664));
#4411=CARTESIAN_POINT('Ctrl Pts',(0.780321605779137,-4.95000000007665,4.06615955917279));
#4412=CARTESIAN_POINT('Ctrl Pts',(0.810400825731206,-4.95000000005159,4.07005501818314));
#4413=CARTESIAN_POINT('Ctrl Pts',(0.840467580230366,-4.95000000002833,4.07519315304478));
#4414=CARTESIAN_POINT('Ctrl Pts',(0.855255360945152,-4.95000000001689,4.0777202502617));
#4415=CARTESIAN_POINT('Ctrl Pts',(0.87004012734824,-4.95000000001068,4.08054703117283));
#4416=CARTESIAN_POINT('Ctrl Pts',(0.884817466551308,-4.95000000000683,4.08335763852579));
#4417=CARTESIAN_POINT('Ctrl Pts',(0.915597077428326,-4.94999999999883,4.08921183185946));
#4418=CARTESIAN_POINT('Ctrl Pts',(0.94649085086093,-4.95000000000006,4.0948738518464));
#4419=CARTESIAN_POINT('Ctrl Pts',(0.977603046865554,-4.95000000000001,4.09784515531117));
#4420=CARTESIAN_POINT('Ctrl Pts',(0.991825334053009,-4.94999999999999,4.09920342430609));
#4421=CARTESIAN_POINT('Ctrl Pts',(1.00609321718177,-4.95,4.09999990604556));
#4422=CARTESIAN_POINT('Ctrl Pts',(1.0204163456598,-4.95,4.1));
#4423=CARTESIAN_POINT('',(2.05,-4.95,4.1));
#4424=CARTESIAN_POINT('',(2.15,-4.95,4.1));
#4425=CARTESIAN_POINT('',(2.05,-4.95,4.9));
#4426=CARTESIAN_POINT('',(2.05,-4.95,5.));
#4427=CARTESIAN_POINT('',(-2.05,-4.95,4.9));
#4428=CARTESIAN_POINT('',(-2.15,-4.95,4.9));
#4429=CARTESIAN_POINT('',(-2.05,-4.95,0.1));
#4430=CARTESIAN_POINT('',(-2.05,-4.95,5.));
#4431=CARTESIAN_POINT('',(-0.0999999999999991,-4.95,0.1));
#4432=CARTESIAN_POINT('',(0.,-4.95,0.1));
#4433=CARTESIAN_POINT('',(-0.0999999999999991,-4.95,4.));
#4434=CARTESIAN_POINT('Origin',(-2.15,-4.95,5.));
#4435=CARTESIAN_POINT('',(-2.15,4.85,0.1));
#4436=CARTESIAN_POINT('',(-2.15,-4.85,0.1));
#4437=CARTESIAN_POINT('',(-2.15,-4.95,0.1));
#4438=CARTESIAN_POINT('',(-2.15,-4.85,4.9));
#4439=CARTESIAN_POINT('',(-2.15,-4.85,5.));
#4440=CARTESIAN_POINT('',(-2.15,4.85,4.9));
#4441=CARTESIAN_POINT('',(-2.15,-4.95,4.9));
#4442=CARTESIAN_POINT('',(-2.15,4.85,5.));
#4443=CARTESIAN_POINT('',(-2.15,0.772787248516012,3.29166666666667));
#4444=CARTESIAN_POINT('',(-2.15,2.5,4.4));
#4445=CARTESIAN_POINT('Origin',(-2.15,2.5,2.5));
#4446=CARTESIAN_POINT('',(-2.15,0.318257577072857,3.));
#4447=CARTESIAN_POINT('Origin',(-2.15,0.318257577072857,3.5));
#4448=CARTESIAN_POINT('',(-2.15,-0.105887450304574,3.));
#4449=CARTESIAN_POINT('',(-2.15,0.318257577072857,3.));
#4450=CARTESIAN_POINT('',(-2.15,-0.459440840897849,3.14644660940673));
#4451=CARTESIAN_POINT('Origin',(-2.15,-0.105887450304574,3.5));
#4452=CARTESIAN_POINT('',(-2.15,-1.65441558772843,4.34142135623731));
#4453=CARTESIAN_POINT('',(-2.15,-0.600000000000001,3.28700576850888));
#4454=CARTESIAN_POINT('',(-2.15,-1.79583694396574,4.4));
#4455=CARTESIAN_POINT('Origin',(-2.15,-1.79583694396574,4.2));
#4456=CARTESIAN_POINT('',(-2.15,-3.20416305603426,4.4));
#4457=CARTESIAN_POINT('',(-2.15,-3.20416305603426,4.4));
#4458=CARTESIAN_POINT('',(-2.15,-3.34558441227157,4.34142135623731));
#4459=CARTESIAN_POINT('Origin',(-2.15,-3.20416305603426,4.2));
#4460=CARTESIAN_POINT('',(-2.15,-4.34142135623731,3.34558441227157));
#4461=CARTESIAN_POINT('',(-2.15,-4.34142135623731,3.34558441227157));
#4462=CARTESIAN_POINT('',(-2.15,-4.4,3.20416305603426));
#4463=CARTESIAN_POINT('Origin',(-2.15,-4.2,3.20416305603426));
#4464=CARTESIAN_POINT('',(-2.15,-4.4,1.79583694396574));
#4465=CARTESIAN_POINT('',(-2.15,-4.4,1.79583694396574));
#4466=CARTESIAN_POINT('',(-2.15,-4.34142135623731,1.65441558772843));
#4467=CARTESIAN_POINT('Origin',(-2.15,-4.2,1.79583694396574));
#4468=CARTESIAN_POINT('',(-2.15,-3.34558441227157,0.658578643762692));
#4469=CARTESIAN_POINT('',(-2.15,-3.34558441227157,0.658578643762692));
#4470=CARTESIAN_POINT('',(-2.15,-3.20416305603426,0.600000000000001));
#4471=CARTESIAN_POINT('Origin',(-2.15,-3.20416305603426,0.800000000000001));
#4472=CARTESIAN_POINT('',(-2.15,-1.79583694396574,0.600000000000001));
#4473=CARTESIAN_POINT('',(-2.15,-1.79583694396574,0.600000000000001));
#4474=CARTESIAN_POINT('',(-2.15,-1.65441558772843,0.658578643762692));
#4475=CARTESIAN_POINT('Origin',(-2.15,-1.79583694396574,0.800000000000001));
#4476=CARTESIAN_POINT('',(-2.15,-0.459440840897849,1.85355339059327));
#4477=CARTESIAN_POINT('',(-2.15,-0.600000000000001,1.71299423149112));
#4478=CARTESIAN_POINT('',(-2.15,-0.105887450304571,2.));
#4479=CARTESIAN_POINT('Origin',(-2.15,-0.105887450304574,1.5));
#4480=CARTESIAN_POINT('',(-2.15,0.318257577072858,2.));
#4481=CARTESIAN_POINT('',(-2.15,0.318257577072857,2.));
#4482=CARTESIAN_POINT('',(-2.15,0.772787248516012,1.70833333333333));
#4483=CARTESIAN_POINT('Origin',(-2.15,0.318257577072857,1.5));
#4484=CARTESIAN_POINT('',(-2.15,2.5,0.6));
#4485=CARTESIAN_POINT('Origin',(-2.15,2.5,2.5));
#4486=CARTESIAN_POINT('',(-2.15,4.15,0.6));
#4487=CARTESIAN_POINT('',(-2.15,4.15,0.6));
#4488=CARTESIAN_POINT('',(-2.15,4.35,0.800000000000001));
#4489=CARTESIAN_POINT('Origin',(-2.15,4.15,0.8));
#4490=CARTESIAN_POINT('',(-2.15,4.35,4.2));
#4491=CARTESIAN_POINT('',(-2.15,4.35,4.2));
#4492=CARTESIAN_POINT('',(-2.15,4.15,4.4));
#4493=CARTESIAN_POINT('Origin',(-2.15,4.15,4.2));
#4494=CARTESIAN_POINT('',(-2.15,4.15,4.4));
#4495=CARTESIAN_POINT('Origin',(2.15,-4.95,5.));
#4496=CARTESIAN_POINT('',(2.15,-5.05,3.9));
#4497=CARTESIAN_POINT('',(2.15,-6.55,3.9));
#4498=CARTESIAN_POINT('',(2.15,-4.95,3.9));
#4499=CARTESIAN_POINT('',(2.15,-6.55,0.1));
#4500=CARTESIAN_POINT('',(2.15,-6.55,0.));
#4501=CARTESIAN_POINT('',(2.15,6.55,0.1));
#4502=CARTESIAN_POINT('',(2.15,6.65,0.1));
#4503=CARTESIAN_POINT('',(2.15,6.55,3.9));
#4504=CARTESIAN_POINT('',(2.15,6.55,5.));
#4505=CARTESIAN_POINT('',(2.15,5.05,3.9));
#4506=CARTESIAN_POINT('',(2.15,-4.95,3.9));
#4507=CARTESIAN_POINT('',(2.15,4.85,4.1));
#4508=CARTESIAN_POINT('Origin',(2.15,5.05,4.1));
#4509=CARTESIAN_POINT('',(2.15,4.85,4.9));
#4510=CARTESIAN_POINT('',(2.15,4.85,5.));
#4511=CARTESIAN_POINT('',(2.15,-4.85,4.9));
#4512=CARTESIAN_POINT('',(2.15,-4.95,4.9));
#4513=CARTESIAN_POINT('',(2.15,-4.85,4.1));
#4514=CARTESIAN_POINT('',(2.15,-4.85,5.));
#4515=CARTESIAN_POINT('Origin',(2.15,-5.05,4.1));
#4516=CARTESIAN_POINT('Origin',(0.,0.,5.));
#4517=CARTESIAN_POINT('',(-2.05,-4.85,5.));
#4518=CARTESIAN_POINT('',(2.05,-4.85,5.));
#4519=CARTESIAN_POINT('',(0.,-4.85,5.));
#4520=CARTESIAN_POINT('',(2.05,4.85,5.));
#4521=CARTESIAN_POINT('',(2.05,0.,5.));
#4522=CARTESIAN_POINT('',(-2.05,4.85,5.));
#4523=CARTESIAN_POINT('',(0.,4.85,5.));
#4524=CARTESIAN_POINT('',(-2.05,0.,5.));
#4525=CARTESIAN_POINT('Origin',(0.,0.,0.));
#4526=CARTESIAN_POINT('',(0.100000000000001,5.05,0.));
#4527=CARTESIAN_POINT('',(0.100000000000001,6.55,0.));
#4528=CARTESIAN_POINT('',(0.100000000000001,6.65,0.));
#4529=CARTESIAN_POINT('',(2.05,6.55,0.));
#4530=CARTESIAN_POINT('',(2.15,6.55,0.));
#4531=CARTESIAN_POINT('',(2.05,-6.55,0.));
#4532=CARTESIAN_POINT('',(2.05,-6.65,0.));
#4533=CARTESIAN_POINT('',(0.100000000000001,-6.55,0.));
#4534=CARTESIAN_POINT('',(0.,-6.55,0.));
#4535=CARTESIAN_POINT('',(0.100000000000001,-5.05,0.));
#4536=CARTESIAN_POINT('',(0.100000000000001,-4.95,0.));
#4537=CARTESIAN_POINT('',(-0.0999999999999991,-4.85,0.));
#4538=CARTESIAN_POINT('Origin',(-0.0999999999999991,-5.05,0.));
#4539=CARTESIAN_POINT('',(-2.05,-4.85,0.));
#4540=CARTESIAN_POINT('',(-2.15,-4.85,0.));
#4541=CARTESIAN_POINT('',(-2.05,4.85,0.));
#4542=CARTESIAN_POINT('',(-2.05,4.95,0.));
#4543=CARTESIAN_POINT('',(-0.0999999999999991,4.85,0.));
#4544=CARTESIAN_POINT('',(0.,4.85,0.));
#4545=CARTESIAN_POINT('Origin',(-0.0999999999999991,5.05,0.));
#4546=CARTESIAN_POINT('Origin',(-8.15,2.5,2.5));
#4547=CARTESIAN_POINT('',(-8.05,2.5,4.4));
#4548=CARTESIAN_POINT('',(-8.15,2.5,4.4));
#4549=CARTESIAN_POINT('',(-8.05,0.772787248516012,3.29166666666667));
#4550=CARTESIAN_POINT('Origin',(-8.05,2.5,2.5));
#4551=CARTESIAN_POINT('',(-8.15,0.772787248516012,3.29166666666667));
#4552=CARTESIAN_POINT('Origin',(-8.15,4.15,4.4));
#4553=CARTESIAN_POINT('',(-8.05,4.15,4.4));
#4554=CARTESIAN_POINT('',(-8.15,4.15,4.4));
#4555=CARTESIAN_POINT('',(-8.05,4.15,4.4));
#4556=CARTESIAN_POINT('Origin',(-8.15,4.15,4.2));
#4557=CARTESIAN_POINT('',(-8.05,4.35,4.2));
#4558=CARTESIAN_POINT('',(-8.15,4.35,4.2));
#4559=CARTESIAN_POINT('Origin',(-8.05,4.15,4.2));
#4560=CARTESIAN_POINT('Origin',(-8.15,4.35,4.2));
#4561=CARTESIAN_POINT('',(-8.05,4.35,0.800000000000001));
#4562=CARTESIAN_POINT('',(-8.15,4.35,0.800000000000001));
#4563=CARTESIAN_POINT('',(-8.05,4.35,4.2));
#4564=CARTESIAN_POINT('Origin',(-8.15,4.15,0.8));
#4565=CARTESIAN_POINT('',(-8.05,4.15,0.6));
#4566=CARTESIAN_POINT('',(-8.15,4.15,0.6));
#4567=CARTESIAN_POINT('Origin',(-8.05,4.15,0.8));
#4568=CARTESIAN_POINT('Origin',(-8.15,4.15,0.6));
#4569=CARTESIAN_POINT('',(-8.05,2.5,0.6));
#4570=CARTESIAN_POINT('',(-8.15,2.5,0.6));
#4571=CARTESIAN_POINT('',(-8.05,4.15,0.6));
#4572=CARTESIAN_POINT('Origin',(-8.15,2.5,2.5));
#4573=CARTESIAN_POINT('',(-8.05,0.772787248516012,1.70833333333333));
#4574=CARTESIAN_POINT('',(-8.15,0.772787248516012,1.70833333333333));
#4575=CARTESIAN_POINT('Origin',(-8.05,2.5,2.5));
#4576=CARTESIAN_POINT('Origin',(-8.15,0.318257577072857,1.5));
#4577=CARTESIAN_POINT('',(-8.05,0.318257577072857,2.));
#4578=CARTESIAN_POINT('',(-8.15,0.318257577072857,2.));
#4579=CARTESIAN_POINT('Origin',(-8.05,0.318257577072857,1.5));
#4580=CARTESIAN_POINT('Origin',(-8.15,0.318257577072857,2.));
#4581=CARTESIAN_POINT('',(-8.05,-0.105887450304571,2.));
#4582=CARTESIAN_POINT('',(-8.15,-0.105887450304571,2.));
#4583=CARTESIAN_POINT('',(-8.05,0.318257577072857,2.));
#4584=CARTESIAN_POINT('Origin',(-8.15,-0.105887450304574,1.5));
#4585=CARTESIAN_POINT('',(-8.05,-0.459440840897849,1.85355339059327));
#4586=CARTESIAN_POINT('',(-8.15,-0.459440840897849,1.85355339059327));
#4587=CARTESIAN_POINT('Origin',(-8.05,-0.105887450304574,1.5));
#4588=CARTESIAN_POINT('Origin',(-8.15,-0.600000000000001,1.71299423149112));
#4589=CARTESIAN_POINT('',(-8.05,-1.65441558772843,0.658578643762692));
#4590=CARTESIAN_POINT('',(-8.15,-1.65441558772843,0.658578643762692));
#4591=CARTESIAN_POINT('',(-8.05,-0.600000000000001,1.71299423149112));
#4592=CARTESIAN_POINT('Origin',(-8.15,-1.79583694396574,0.800000000000001));
#4593=CARTESIAN_POINT('',(-8.05,-1.79583694396574,0.600000000000001));
#4594=CARTESIAN_POINT('',(-8.15,-1.79583694396574,0.600000000000001));
#4595=CARTESIAN_POINT('Origin',(-8.05,-1.79583694396574,0.800000000000001));
#4596=CARTESIAN_POINT('Origin',(-8.15,-1.79583694396574,0.600000000000001));
#4597=CARTESIAN_POINT('',(-8.05,-3.20416305603426,0.600000000000001));
#4598=CARTESIAN_POINT('',(-8.15,-3.20416305603426,0.600000000000001));
#4599=CARTESIAN_POINT('',(-8.05,-1.79583694396574,0.600000000000001));
#4600=CARTESIAN_POINT('Origin',(-8.15,-3.20416305603426,0.800000000000001));
#4601=CARTESIAN_POINT('',(-8.05,-3.34558441227157,0.658578643762692));
#4602=CARTESIAN_POINT('',(-8.15,-3.34558441227157,0.658578643762692));
#4603=CARTESIAN_POINT('Origin',(-8.05,-3.20416305603426,0.800000000000001));
#4604=CARTESIAN_POINT('Origin',(-8.15,-3.34558441227157,0.658578643762692));
#4605=CARTESIAN_POINT('',(-8.05,-4.34142135623731,1.65441558772843));
#4606=CARTESIAN_POINT('',(-8.15,-4.34142135623731,1.65441558772843));
#4607=CARTESIAN_POINT('',(-8.05,-3.34558441227157,0.658578643762692));
#4608=CARTESIAN_POINT('Origin',(-8.15,-4.2,1.79583694396574));
#4609=CARTESIAN_POINT('',(-8.05,-4.4,1.79583694396574));
#4610=CARTESIAN_POINT('',(-8.15,-4.4,1.79583694396574));
#4611=CARTESIAN_POINT('Origin',(-8.05,-4.2,1.79583694396574));
#4612=CARTESIAN_POINT('Origin',(-8.15,-4.4,1.79583694396574));
#4613=CARTESIAN_POINT('',(-8.05,-4.4,3.20416305603426));
#4614=CARTESIAN_POINT('',(-8.15,-4.4,3.20416305603426));
#4615=CARTESIAN_POINT('',(-8.05,-4.4,1.79583694396574));
#4616=CARTESIAN_POINT('Origin',(-8.15,-4.2,3.20416305603426));
#4617=CARTESIAN_POINT('',(-8.05,-4.34142135623731,3.34558441227157));
#4618=CARTESIAN_POINT('',(-8.15,-4.34142135623731,3.34558441227157));
#4619=CARTESIAN_POINT('Origin',(-8.05,-4.2,3.20416305603426));
#4620=CARTESIAN_POINT('Origin',(-8.15,-4.34142135623731,3.34558441227157));
#4621=CARTESIAN_POINT('',(-8.05,-3.34558441227157,4.34142135623731));
#4622=CARTESIAN_POINT('',(-8.15,-3.34558441227157,4.34142135623731));
#4623=CARTESIAN_POINT('',(-8.05,-4.34142135623731,3.34558441227157));
#4624=CARTESIAN_POINT('Origin',(-8.15,-3.20416305603426,4.2));
#4625=CARTESIAN_POINT('',(-8.05,-3.20416305603426,4.4));
#4626=CARTESIAN_POINT('',(-8.15,-3.20416305603426,4.4));
#4627=CARTESIAN_POINT('Origin',(-8.05,-3.20416305603426,4.2));
#4628=CARTESIAN_POINT('Origin',(-8.15,-3.20416305603426,4.4));
#4629=CARTESIAN_POINT('',(-8.05,-1.79583694396574,4.4));
#4630=CARTESIAN_POINT('',(-8.15,-1.79583694396574,4.4));
#4631=CARTESIAN_POINT('',(-8.05,-3.20416305603426,4.4));
#4632=CARTESIAN_POINT('Origin',(-8.15,-1.79583694396574,4.2));
#4633=CARTESIAN_POINT('',(-8.05,-1.65441558772843,4.34142135623731));
#4634=CARTESIAN_POINT('',(-8.15,-1.65441558772843,4.34142135623731));
#4635=CARTESIAN_POINT('Origin',(-8.05,-1.79583694396574,4.2));
#4636=CARTESIAN_POINT('Origin',(-8.15,-0.600000000000001,3.28700576850888));
#4637=CARTESIAN_POINT('',(-8.05,-0.459440840897849,3.14644660940673));
#4638=CARTESIAN_POINT('',(-8.15,-0.459440840897849,3.14644660940673));
#4639=CARTESIAN_POINT('',(-8.05,-0.600000000000001,3.28700576850888));
#4640=CARTESIAN_POINT('Origin',(-8.15,-0.105887450304574,3.5));
#4641=CARTESIAN_POINT('',(-8.05,-0.105887450304574,3.));
#4642=CARTESIAN_POINT('',(-8.15,-0.105887450304574,3.));
#4643=CARTESIAN_POINT('Origin',(-8.05,-0.105887450304574,3.5));
#4644=CARTESIAN_POINT('Origin',(-8.15,0.318257577072857,3.));
#4645=CARTESIAN_POINT('',(-8.05,0.318257577072857,3.));
#4646=CARTESIAN_POINT('',(-8.15,0.318257577072857,3.));
#4647=CARTESIAN_POINT('',(-8.05,0.318257577072857,3.));
#4648=CARTESIAN_POINT('Origin',(-8.15,0.318257577072857,3.5));
#4649=CARTESIAN_POINT('Origin',(-8.05,0.318257577072857,3.5));
#4650=CARTESIAN_POINT('Origin',(-8.15,2.5,2.5));
#4651=CARTESIAN_POINT('',(-8.15,-0.105887450304574,2.9));
#4652=CARTESIAN_POINT('',(-8.15,0.318257577072857,2.9));
#4653=CARTESIAN_POINT('',(-8.15,2.5,2.9));
#4654=CARTESIAN_POINT('',(-8.15,0.863693182804643,3.25));
#4655=CARTESIAN_POINT('Origin',(-8.15,0.318257577072857,3.5));
#4656=CARTESIAN_POINT('',(-8.15,2.5,4.3));
#4657=CARTESIAN_POINT('Origin',(-8.15,2.5,2.5));
#4658=CARTESIAN_POINT('',(-8.15,4.15,4.3));
#4659=CARTESIAN_POINT('',(-8.15,2.5,4.3));
#4660=CARTESIAN_POINT('',(-8.15,4.25,4.2));
#4661=CARTESIAN_POINT('Origin',(-8.15,4.15,4.2));
#4662=CARTESIAN_POINT('',(-8.15,4.25,0.800000000000001));
#4663=CARTESIAN_POINT('',(-8.15,4.25,2.5));
#4664=CARTESIAN_POINT('',(-8.15,4.15,0.7));
#4665=CARTESIAN_POINT('Origin',(-8.15,4.15,0.8));
#4666=CARTESIAN_POINT('',(-8.15,2.5,0.7));
#4667=CARTESIAN_POINT('',(-8.15,2.5,0.7));
#4668=CARTESIAN_POINT('',(-8.15,0.863693182804643,1.75));
#4669=CARTESIAN_POINT('Origin',(-8.15,2.5,2.5));
#4670=CARTESIAN_POINT('',(-8.15,0.318257577072858,2.1));
#4671=CARTESIAN_POINT('Origin',(-8.15,0.318257577072857,1.5));
#4672=CARTESIAN_POINT('',(-8.15,-0.105887450304571,2.1));
#4673=CARTESIAN_POINT('',(-8.15,2.5,2.1));
#4674=CARTESIAN_POINT('',(-8.15,-0.530151519016504,1.92426406871193));
#4675=CARTESIAN_POINT('Origin',(-8.15,-0.105887450304574,1.5));
#4676=CARTESIAN_POINT('',(-8.15,-1.72512626584708,0.729289321881346));
#4677=CARTESIAN_POINT('',(-8.15,1.27279220613578,3.72720779386422));
#4678=CARTESIAN_POINT('',(-8.15,-1.79583694396574,0.700000000000001));
#4679=CARTESIAN_POINT('Origin',(-8.15,-1.79583694396574,0.800000000000001));
#4680=CARTESIAN_POINT('',(-8.15,-3.20416305603426,0.700000000000001));
#4681=CARTESIAN_POINT('',(-8.15,2.5,0.700000000000001));
#4682=CARTESIAN_POINT('',(-8.15,-3.27487373415292,0.729289321881347));
#4683=CARTESIAN_POINT('Origin',(-8.15,-3.20416305603426,0.800000000000001));
#4684=CARTESIAN_POINT('',(-8.15,-4.27071067811866,1.72512626584708));
#4685=CARTESIAN_POINT('',(-8.15,-1.27279220613578,-1.27279220613579));
#4686=CARTESIAN_POINT('',(-8.15,-4.3,1.79583694396574));
#4687=CARTESIAN_POINT('Origin',(-8.15,-4.2,1.79583694396574));
#4688=CARTESIAN_POINT('',(-8.15,-4.3,3.20416305603426));
#4689=CARTESIAN_POINT('',(-8.15,-4.3,2.5));
#4690=CARTESIAN_POINT('',(-8.15,-4.27071067811866,3.27487373415292));
#4691=CARTESIAN_POINT('Origin',(-8.15,-4.2,3.20416305603426));
#4692=CARTESIAN_POINT('',(-8.15,-3.27487373415292,4.27071067811865));
#4693=CARTESIAN_POINT('',(-8.15,-1.27279220613578,6.27279220613579));
#4694=CARTESIAN_POINT('',(-8.15,-3.20416305603426,4.3));
#4695=CARTESIAN_POINT('Origin',(-8.15,-3.20416305603426,4.2));
#4696=CARTESIAN_POINT('',(-8.15,-1.79583694396574,4.3));
#4697=CARTESIAN_POINT('',(-8.15,2.5,4.3));
#4698=CARTESIAN_POINT('',(-8.15,-1.72512626584708,4.27071067811865));
#4699=CARTESIAN_POINT('Origin',(-8.15,-1.79583694396574,4.2));
#4700=CARTESIAN_POINT('',(-8.15,-0.530151519016504,3.07573593128807));
#4701=CARTESIAN_POINT('',(-8.15,1.27279220613579,1.27279220613579));
#4702=CARTESIAN_POINT('Origin',(-8.15,-0.105887450304574,3.5));
#4703=CARTESIAN_POINT('Origin',(-2.15,2.5,2.5));
#4704=CARTESIAN_POINT('Origin',(-2.15,-2.5,2.5));
#4705=CARTESIAN_POINT('Origin',(-8.15,2.5,2.5));
#4706=CARTESIAN_POINT('Origin',(-3.15,2.5,2.5));
#4707=CARTESIAN_POINT('Origin',(-8.15,-2.5,2.5));
#4708=CARTESIAN_POINT('Origin',(-3.15,-2.5,2.5));
#4709=CARTESIAN_POINT('Origin',(-8.05,2.5,0.700000000000001));
#4710=CARTESIAN_POINT('Origin',(-8.05,-1.79583694396574,0.700000000000001));
#4711=CARTESIAN_POINT('Origin',(-8.05,-3.20416305603426,0.700000000000001));
#4712=CARTESIAN_POINT('Ctrl Pts',(-8.15,-3.27487373415292,0.729289321881347));
#4713=CARTESIAN_POINT('Ctrl Pts',(-8.15,-3.24558441227157,0.700000000000001));
#4714=CARTESIAN_POINT('Ctrl Pts',(-8.15,-3.20416305603426,0.700000000000001));
#4715=CARTESIAN_POINT('Ctrl Pts',(-8.15,-3.34558441227157,0.658578643762693));
#4716=CARTESIAN_POINT('Ctrl Pts',(-8.15,-3.28700576850888,0.6));
#4717=CARTESIAN_POINT('Ctrl Pts',(-8.15,-3.20416305603426,0.600000000000001));
#4718=CARTESIAN_POINT('Ctrl Pts',(-8.05,-3.34558441227157,0.658578643762693));
#4719=CARTESIAN_POINT('Ctrl Pts',(-8.05,-3.28700576850888,0.6));
#4720=CARTESIAN_POINT('Ctrl Pts',(-8.05,-3.20416305603426,0.600000000000001));
#4721=CARTESIAN_POINT('Origin',(-8.05,-3.27487373415292,0.729289321881347));
#4722=CARTESIAN_POINT('Ctrl Pts',(-8.15,-1.79583694396574,0.700000000000001));
#4723=CARTESIAN_POINT('Ctrl Pts',(-8.15,-1.75441558772843,0.700000000000001));
#4724=CARTESIAN_POINT('Ctrl Pts',(-8.15,-1.72512626584708,0.729289321881346));
#4725=CARTESIAN_POINT('Ctrl Pts',(-8.15,-1.79583694396574,0.600000000000001));
#4726=CARTESIAN_POINT('Ctrl Pts',(-8.15,-1.71299423149112,0.6));
#4727=CARTESIAN_POINT('Ctrl Pts',(-8.15,-1.65441558772843,0.658578643762692));
#4728=CARTESIAN_POINT('Ctrl Pts',(-8.05,-1.79583694396574,0.600000000000001));
#4729=CARTESIAN_POINT('Ctrl Pts',(-8.05,-1.71299423149112,0.6));
#4730=CARTESIAN_POINT('Ctrl Pts',(-8.05,-1.65441558772843,0.658578643762692));
#4731=CARTESIAN_POINT('Origin',(-8.05,-1.72512626584708,0.729289321881346));
#4732=CARTESIAN_POINT('Origin',(-8.05,-1.27279220613578,-1.27279220613579));
#4733=CARTESIAN_POINT('Origin',(-8.05,-4.27071067811866,1.72512626584708));
#4734=CARTESIAN_POINT('Origin',(-8.05,1.27279220613578,3.72720779386422));
#4735=CARTESIAN_POINT('Origin',(-8.05,-0.530151519016503,1.92426406871193));
#4736=CARTESIAN_POINT('Ctrl Pts',(-8.15,-4.3,1.79583694396574));
#4737=CARTESIAN_POINT('Ctrl Pts',(-8.15,-4.3,1.75441558772843));
#4738=CARTESIAN_POINT('Ctrl Pts',(-8.15,-4.27071067811866,1.72512626584708));
#4739=CARTESIAN_POINT('Ctrl Pts',(-8.15,-4.4,1.79583694396574));
#4740=CARTESIAN_POINT('Ctrl Pts',(-8.15,-4.4,1.71299423149112));
#4741=CARTESIAN_POINT('Ctrl Pts',(-8.15,-4.34142135623731,1.65441558772843));
#4742=CARTESIAN_POINT('Ctrl Pts',(-8.05,-4.4,1.79583694396574));
#4743=CARTESIAN_POINT('Ctrl Pts',(-8.05,-4.4,1.71299423149112));
#4744=CARTESIAN_POINT('Ctrl Pts',(-8.05,-4.34142135623731,1.65441558772843));
#4745=CARTESIAN_POINT('Origin',(-8.05,-4.3,1.79583694396574));
#4746=CARTESIAN_POINT('Origin',(-8.05,-0.105887450304574,1.5));
#4747=CARTESIAN_POINT('Origin',(-8.05,-0.105887450304571,2.1));
#4748=CARTESIAN_POINT('Origin',(-8.05,-4.3,2.5));
#4749=CARTESIAN_POINT('Origin',(-8.05,-4.3,3.20416305603426));
#4750=CARTESIAN_POINT('Origin',(-8.05,2.5,2.1));
#4751=CARTESIAN_POINT('Origin',(-8.05,0.318257577072858,2.1));
#4752=CARTESIAN_POINT('Ctrl Pts',(-8.15,-4.27071067811866,3.27487373415292));
#4753=CARTESIAN_POINT('Ctrl Pts',(-8.15,-4.3,3.24558441227157));
#4754=CARTESIAN_POINT('Ctrl Pts',(-8.15,-4.3,3.20416305603426));
#4755=CARTESIAN_POINT('Ctrl Pts',(-8.15,-4.34142135623731,3.34558441227157));
#4756=CARTESIAN_POINT('Ctrl Pts',(-8.15,-4.4,3.28700576850888));
#4757=CARTESIAN_POINT('Ctrl Pts',(-8.15,-4.4,3.20416305603426));
#4758=CARTESIAN_POINT('Ctrl Pts',(-8.05,-4.34142135623731,3.34558441227157));
#4759=CARTESIAN_POINT('Ctrl Pts',(-8.05,-4.4,3.28700576850888));
#4760=CARTESIAN_POINT('Ctrl Pts',(-8.05,-4.4,3.20416305603426));
#4761=CARTESIAN_POINT('Origin',(-8.05,-4.27071067811866,3.27487373415292));
#4762=CARTESIAN_POINT('Origin',(-8.05,0.318257577072857,1.5));
#4763=CARTESIAN_POINT('Origin',(-8.05,0.863693182804643,1.75));
#4764=CARTESIAN_POINT('Origin',(-8.05,-1.27279220613578,6.27279220613579));
#4765=CARTESIAN_POINT('Origin',(-8.05,-3.27487373415292,4.27071067811865));
#4766=CARTESIAN_POINT('Origin',(-8.05,2.5,2.5));
#4767=CARTESIAN_POINT('Origin',(-8.05,2.5,0.7));
#4768=CARTESIAN_POINT('Ctrl Pts',(-8.15,-3.20416305603426,4.3));
#4769=CARTESIAN_POINT('Ctrl Pts',(-8.15,-3.24558441227157,4.3));
#4770=CARTESIAN_POINT('Ctrl Pts',(-8.15,-3.27487373415292,4.27071067811865));
#4771=CARTESIAN_POINT('Ctrl Pts',(-8.15,-3.20416305603426,4.4));
#4772=CARTESIAN_POINT('Ctrl Pts',(-8.15,-3.28700576850888,4.4));
#4773=CARTESIAN_POINT('Ctrl Pts',(-8.15,-3.34558441227157,4.34142135623731));
#4774=CARTESIAN_POINT('Ctrl Pts',(-8.05,-3.20416305603426,4.4));
#4775=CARTESIAN_POINT('Ctrl Pts',(-8.05,-3.28700576850888,4.4));
#4776=CARTESIAN_POINT('Ctrl Pts',(-8.05,-3.34558441227157,4.34142135623731));
#4777=CARTESIAN_POINT('Origin',(-8.05,-3.20416305603426,4.3));
#4778=CARTESIAN_POINT('Origin',(-8.05,2.5,0.7));
#4779=CARTESIAN_POINT('Origin',(-8.05,4.15,0.7));
#4780=CARTESIAN_POINT('Origin',(-8.05,2.5,4.3));
#4781=CARTESIAN_POINT('Origin',(-8.05,-1.79583694396574,4.3));
#4782=CARTESIAN_POINT('Ctrl Pts',(-8.15,4.15,0.700000000000001));
#4783=CARTESIAN_POINT('Ctrl Pts',(-8.15,4.25,0.7));
#4784=CARTESIAN_POINT('Ctrl Pts',(-8.15,4.25,0.8));
#4785=CARTESIAN_POINT('Ctrl Pts',(-8.15,4.15,0.6));
#4786=CARTESIAN_POINT('Ctrl Pts',(-8.15,4.35,0.599999999999998));
#4787=CARTESIAN_POINT('Ctrl Pts',(-8.15,4.35,0.8));
#4788=CARTESIAN_POINT('Ctrl Pts',(-8.05,4.15,0.6));
#4789=CARTESIAN_POINT('Ctrl Pts',(-8.05,4.35,0.599999999999998));
#4790=CARTESIAN_POINT('Ctrl Pts',(-8.05,4.35,0.8));
#4791=CARTESIAN_POINT('Origin',(-8.05,4.25,0.800000000000001));
#4792=CARTESIAN_POINT('Ctrl Pts',(-8.15,-1.72512626584709,4.27071067811865));
#4793=CARTESIAN_POINT('Ctrl Pts',(-8.15,-1.75441558772843,4.3));
#4794=CARTESIAN_POINT('Ctrl Pts',(-8.15,-1.79583694396574,4.3));
#4795=CARTESIAN_POINT('Ctrl Pts',(-8.15,-1.65441558772843,4.34142135623731));
#4796=CARTESIAN_POINT('Ctrl Pts',(-8.15,-1.71299423149112,4.4));
#4797=CARTESIAN_POINT('Ctrl Pts',(-8.15,-1.79583694396574,4.4));
#4798=CARTESIAN_POINT('Ctrl Pts',(-8.05,-1.65441558772843,4.34142135623731));
#4799=CARTESIAN_POINT('Ctrl Pts',(-8.05,-1.71299423149112,4.4));
#4800=CARTESIAN_POINT('Ctrl Pts',(-8.05,-1.79583694396574,4.4));
#4801=CARTESIAN_POINT('Origin',(-8.05,-1.72512626584708,4.27071067811865));
#4802=CARTESIAN_POINT('Origin',(-8.05,4.25,2.5));
#4803=CARTESIAN_POINT('Origin',(-8.05,4.25,4.2));
#4804=CARTESIAN_POINT('Origin',(-8.05,1.27279220613579,1.27279220613579));
#4805=CARTESIAN_POINT('Origin',(-8.05,-0.530151519016504,3.07573593128807));
#4806=CARTESIAN_POINT('Ctrl Pts',(-8.15,4.25,4.2));
#4807=CARTESIAN_POINT('Ctrl Pts',(-8.15,4.25,4.3));
#4808=CARTESIAN_POINT('Ctrl Pts',(-8.15,4.15,4.3));
#4809=CARTESIAN_POINT('Ctrl Pts',(-8.15,4.35,4.2));
#4810=CARTESIAN_POINT('Ctrl Pts',(-8.15,4.35,4.4));
#4811=CARTESIAN_POINT('Ctrl Pts',(-8.15,4.15,4.4));
#4812=CARTESIAN_POINT('Ctrl Pts',(-8.05,4.35,4.2));
#4813=CARTESIAN_POINT('Ctrl Pts',(-8.05,4.35,4.4));
#4814=CARTESIAN_POINT('Ctrl Pts',(-8.05,4.15,4.4));
#4815=CARTESIAN_POINT('Origin',(-8.05,4.15,4.3));
#4816=CARTESIAN_POINT('Origin',(-8.05,-0.105887450304574,3.5));
#4817=CARTESIAN_POINT('Origin',(-8.05,-0.105887450304574,2.9));
#4818=CARTESIAN_POINT('Origin',(-8.05,2.5,4.3));
#4819=CARTESIAN_POINT('Origin',(-8.05,2.5,4.3));
#4820=CARTESIAN_POINT('Origin',(-8.05,2.5,2.9));
#4821=CARTESIAN_POINT('Origin',(-8.05,0.318257577072857,2.9));
#4822=CARTESIAN_POINT('Origin',(-8.05,2.5,2.5));
#4823=CARTESIAN_POINT('Origin',(-8.05,0.863693182804643,3.25));
#4824=CARTESIAN_POINT('Origin',(-8.05,0.318257577072857,3.5));
#4825=CARTESIAN_POINT('Origin',(2.15,-6.65,4.));
#4826=CARTESIAN_POINT('',(2.05,-6.55,4.));
#4827=CARTESIAN_POINT('',(2.05,-5.05,4.));
#4828=CARTESIAN_POINT('',(2.05,-6.65,4.));
#4829=CARTESIAN_POINT('',(8.67361737988404E-16,-5.05,4.));
#4830=CARTESIAN_POINT('',(0.100000000000001,-5.05,4.));
#4831=CARTESIAN_POINT('',(8.67361737988404E-16,-5.05,4.));
#4832=CARTESIAN_POINT('',(0.100000000000001,-6.55,4.));
#4833=CARTESIAN_POINT('',(0.100000000000001,-6.65,4.));
#4834=CARTESIAN_POINT('',(2.15,-6.55,4.));
#4835=CARTESIAN_POINT('Origin',(8.67361737988404E-16,-6.65,-3.42901103761259E-16));
#4836=CARTESIAN_POINT('',(8.67361737988404E-16,-5.05,3.9));
#4837=CARTESIAN_POINT('',(8.67361737988404E-16,-5.05,0.1));
#4838=CARTESIAN_POINT('',(8.67361737988404E-16,-5.05,0.));
#4839=CARTESIAN_POINT('',(8.67361737988404E-16,-6.55,0.1));
#4840=CARTESIAN_POINT('',(8.67361737988404E-16,-6.65,0.1));
#4841=CARTESIAN_POINT('',(8.67361737988404E-16,-6.55,3.9));
#4842=CARTESIAN_POINT('',(8.67361737988404E-16,-6.55,4.));
#4843=CARTESIAN_POINT('',(8.67361737988404E-16,-6.65,3.9));
#4844=CARTESIAN_POINT('Origin',(0.,-6.65,0.));
#4845=CARTESIAN_POINT('',(0.100000000000001,-6.65,0.1));
#4846=CARTESIAN_POINT('',(2.05,-6.65,0.1));
#4847=CARTESIAN_POINT('',(0.,-6.65,0.1));
#4848=CARTESIAN_POINT('',(2.05,-6.65,3.9));
#4849=CARTESIAN_POINT('',(2.05,-6.65,4.));
#4850=CARTESIAN_POINT('',(0.100000000000001,-6.65,3.9));
#4851=CARTESIAN_POINT('',(8.67361737988404E-16,-6.65,3.9));
#4852=CARTESIAN_POINT('',(0.100000000000001,-6.65,-3.42901103761259E-16));
#4853=CARTESIAN_POINT('Origin',(8.67361737988404E-16,6.65,3.42901103761259E-16));
#4854=CARTESIAN_POINT('',(8.78203759713259E-16,5.05,0.1));
#4855=CARTESIAN_POINT('',(1.29020058525775E-15,5.05,3.9));
#4856=CARTESIAN_POINT('',(1.30104260698261E-15,5.05,4.));
#4857=CARTESIAN_POINT('',(1.29020058525775E-15,6.55,3.9));
#4858=CARTESIAN_POINT('',(1.29020058525775E-15,6.65,3.9));
#4859=CARTESIAN_POINT('',(8.78203759713259E-16,6.55,0.1));
#4860=CARTESIAN_POINT('',(8.67361737988404E-16,6.55,3.42901103761259E-16));
#4861=CARTESIAN_POINT('',(8.78203759713259E-16,4.95,0.1));
#4862=CARTESIAN_POINT('Origin',(2.15,6.65,4.));
#4863=CARTESIAN_POINT('',(2.05,5.05,4.));
#4864=CARTESIAN_POINT('',(2.15,5.05,4.));
#4865=CARTESIAN_POINT('',(2.05,6.55,4.));
#4866=CARTESIAN_POINT('',(2.05,6.65,4.));
#4867=CARTESIAN_POINT('',(0.100000000000001,6.55,4.));
#4868=CARTESIAN_POINT('',(2.15,6.55,4.));
#4869=CARTESIAN_POINT('',(0.100000000000001,5.05,4.));
#4870=CARTESIAN_POINT('',(0.100000000000001,6.65,4.));
#4871=CARTESIAN_POINT('',(2.15,5.05,4.));
#4872=CARTESIAN_POINT('Origin',(0.,6.65,0.));
#4873=CARTESIAN_POINT('',(0.100000000000001,6.65,3.9));
#4874=CARTESIAN_POINT('',(2.05,6.65,3.9));
#4875=CARTESIAN_POINT('',(0.,6.65,3.9));
#4876=CARTESIAN_POINT('',(2.05,6.65,0.1));
#4877=CARTESIAN_POINT('',(2.05,6.65,0.));
#4878=CARTESIAN_POINT('',(0.100000000000001,6.65,0.1));
#4879=CARTESIAN_POINT('',(8.67361737988404E-16,6.65,0.1));
#4880=CARTESIAN_POINT('',(0.100000000000001,6.65,-1.08420217248551E-17));
#4881=CARTESIAN_POINT('Origin',(0.75,-5.5,3.5));
#4882=CARTESIAN_POINT('Origin',(0.75,5.5,3.5));
#4883=CARTESIAN_POINT('Origin',(0.75,-5.5,4.));
#4884=CARTESIAN_POINT('Origin',(0.75,-5.5,3.5));
#4885=CARTESIAN_POINT('Origin',(0.75,5.5,4.));
#4886=CARTESIAN_POINT('Origin',(0.75,5.5,3.5));
#4887=CARTESIAN_POINT('Origin',(3.15,-2.5,2.5));
#4888=CARTESIAN_POINT('Origin',(3.15,2.5,2.5));
#4889=CARTESIAN_POINT('Origin',(5.75,-2.5,0.));
#4890=CARTESIAN_POINT('Origin',(5.75,2.5,0.));
#4891=CARTESIAN_POINT('Origin',(5.75,-2.5,-2.));
#4892=CARTESIAN_POINT('Origin',(5.75,2.5,-2.));
#4893=CARTESIAN_POINT('Origin',(5.75,2.5,-2.));
#4894=CARTESIAN_POINT('Origin',(5.75,2.5,-2.));
#4895=CARTESIAN_POINT('Origin',(0.100000000000001,-5.05,3.9));
#4896=CARTESIAN_POINT('Origin',(0.100000000000001,-5.05,4.1));
#4897=CARTESIAN_POINT('Origin',(-0.0999999999999991,-5.05,3.9));
#4898=CARTESIAN_POINT('Origin',(0.100000000000001,-5.05,3.9));
#4899=CARTESIAN_POINT('Origin',(-0.0999999999999991,-5.05,-3.42901103761259E-16));
#4900=CARTESIAN_POINT('Origin',(-0.0999999999999991,-5.05,0.1));
#4901=CARTESIAN_POINT('Origin',(0.100000000000001,-6.65,3.9));
#4902=CARTESIAN_POINT('Origin',(0.100000000000001,-6.55,3.9));
#4903=CARTESIAN_POINT('Origin',(2.15,-5.05,4.1));
#4904=CARTESIAN_POINT('Origin',(0.479583654340201,-5.05,4.1));
#4905=CARTESIAN_POINT('Origin',(-2.15,-4.85,0.1));
#4906=CARTESIAN_POINT('Origin',(-2.05,-4.85,0.1));
#4907=CARTESIAN_POINT('Origin',(-0.0999999999999991,-4.85,0.1));
#4908=CARTESIAN_POINT('Origin',(-0.0999999999999991,-5.05,0.1));
#4909=CARTESIAN_POINT('Origin',(0.100000000000001,-5.05,0.1));
#4910=CARTESIAN_POINT('Origin',(0.100000000000001,-6.55,3.9));
#4911=CARTESIAN_POINT('Origin',(0.100000000000001,-6.55,3.9));
#4912=CARTESIAN_POINT('Origin',(0.100000000000001,-6.55,3.9));
#4913=CARTESIAN_POINT('Ctrl Pts',(1.0204163456598,-5.05000121262981,4.00000000000735));
#4914=CARTESIAN_POINT('Ctrl Pts',(1.0204163456598,-4.95,3.99999878736283));
#4915=CARTESIAN_POINT('Ctrl Pts',(1.0204163456598,-4.95,4.1));
#4916=CARTESIAN_POINT('Ctrl Pts',(0.986908622380643,-5.02986528723479,3.99999975188168));
#4917=CARTESIAN_POINT('Ctrl Pts',(0.989479039614852,-4.95,4.0185895335116));
#4918=CARTESIAN_POINT('Ctrl Pts',(0.974668963921389,-4.95,4.09999969991406));
#4919=CARTESIAN_POINT('Ctrl Pts',(0.946612917752373,-5.01084998208186,3.99999964239492));
#4920=CARTESIAN_POINT('Ctrl Pts',(0.943854900474117,-4.95,4.02679384293987));
#4921=CARTESIAN_POINT('Ctrl Pts',(0.929615786156432,-4.95,4.09187832517776));
#4922=CARTESIAN_POINT('Ctrl Pts',(0.854727688726335,-4.98332145530777,3.99999949251565));
#4923=CARTESIAN_POINT('Ctrl Pts',(0.850706461502392,-4.95,4.03071965545485));
#4924=CARTESIAN_POINT('Ctrl Pts',(0.840018710128743,-4.95,4.07483924876168));
#4925=CARTESIAN_POINT('Ctrl Pts',(0.802692725377617,-4.97503157001211,3.99999954581772));
#4926=CARTESIAN_POINT('Ctrl Pts',(0.799471093700204,-4.95,4.02835323931423));
#4927=CARTESIAN_POINT('Ctrl Pts',(0.795165283497634,-4.95,4.06617407410532));
#4928=CARTESIAN_POINT('Ctrl Pts',(0.697930217624197,-4.97496941686337,3.99999954471021));
#4929=CARTESIAN_POINT('Ctrl Pts',(0.701122442222308,-4.95,4.02834077686852));
#4930=CARTESIAN_POINT('Ctrl Pts',(0.705368667344234,-4.95,4.066113671046));
#4931=CARTESIAN_POINT('Ctrl Pts',(0.645706337795876,-4.98322234413917,3.9999994922718));
#4932=CARTESIAN_POINT('Ctrl Pts',(0.64971521296819,-4.95,4.03071622944803));
#4933=CARTESIAN_POINT('Ctrl Pts',(0.660379669704768,-4.95,4.07476180153923));
#4934=CARTESIAN_POINT('Ctrl Pts',(0.553570684349986,-5.01076425974963,3.99999964198469));
#4935=CARTESIAN_POINT('Ctrl Pts',(0.556338409048243,-4.95,4.02682502845838));
#4936=CARTESIAN_POINT('Ctrl Pts',(0.570587915212521,-4.95,4.09184125846995));
#4937=CARTESIAN_POINT('Ctrl Pts',(0.513324289346828,-5.02972536703682,3.99999975019105));
#4938=CARTESIAN_POINT('Ctrl Pts',(0.51071473308271,-4.95,4.01870580396012));
#4939=CARTESIAN_POINT('Ctrl Pts',(0.52563387483586,-4.95,4.0999996270577));
#4940=CARTESIAN_POINT('Ctrl Pts',(0.479583654340201,-5.05000121262981,4.00000000000735));
#4941=CARTESIAN_POINT('Ctrl Pts',(0.4795836543402,-4.95,3.99999878736283));
#4942=CARTESIAN_POINT('Ctrl Pts',(0.479583654340201,-4.95,4.1));
#4943=CARTESIAN_POINT('Origin',(1.0204163456598,-5.05,4.1));
#4944=CARTESIAN_POINT('Origin',(-2.05,-4.85,0.1));
#4945=CARTESIAN_POINT('Origin',(-2.05,-4.85,0.1));
#4946=CARTESIAN_POINT('Origin',(-2.05,-4.85,0.1));
#4947=CARTESIAN_POINT('Origin',(0.100000000000001,0.,0.1));
#4948=CARTESIAN_POINT('Origin',(0.100000000000001,-6.55,0.1));
#4949=CARTESIAN_POINT('Origin',(0.100000000000001,-6.55,0.));
#4950=CARTESIAN_POINT('Origin',(0.100000000000001,-6.55,0.1));
#4951=CARTESIAN_POINT('Origin',(0.,-6.55,3.9));
#4952=CARTESIAN_POINT('Origin',(2.05,-6.55,3.9));
#4953=CARTESIAN_POINT('Origin',(2.05,-6.65,3.9));
#4954=CARTESIAN_POINT('Origin',(2.05,-5.05,3.9));
#4955=CARTESIAN_POINT('Origin',(2.05,-6.55,3.9));
#4956=CARTESIAN_POINT('Origin',(2.15,-5.05,4.1));
#4957=CARTESIAN_POINT('Origin',(2.05,-5.05,4.1));
#4958=CARTESIAN_POINT('Origin',(-2.05,-4.85,5.));
#4959=CARTESIAN_POINT('Origin',(-2.05,-4.85,4.9));
#4960=CARTESIAN_POINT('Origin',(-2.05,-4.95,0.1));
#4961=CARTESIAN_POINT('Origin',(-2.05,4.85,0.1));
#4962=CARTESIAN_POINT('Origin',(-2.15,4.85,0.1));
#4963=CARTESIAN_POINT('Origin',(-0.0999999999999991,4.85,0.1));
#4964=CARTESIAN_POINT('Origin',(-2.05,4.85,0.1));
#4965=CARTESIAN_POINT('Origin',(0.100000000000001,-6.55,0.1));
#4966=CARTESIAN_POINT('Origin',(0.100000000000001,-6.55,0.1));
#4967=CARTESIAN_POINT('Origin',(2.05,-6.55,3.9));
#4968=CARTESIAN_POINT('Origin',(2.05,-6.55,3.9));
#4969=CARTESIAN_POINT('Origin',(2.05,-5.05,4.1));
#4970=CARTESIAN_POINT('Origin',(2.05,-4.85,4.1));
#4971=CARTESIAN_POINT('Origin',(-2.05,-4.85,4.9));
#4972=CARTESIAN_POINT('Origin',(-2.05,-4.85,4.9));
#4973=CARTESIAN_POINT('Origin',(-2.05,-4.85,4.9));
#4974=CARTESIAN_POINT('Origin',(-2.05,4.85,0.1));
#4975=CARTESIAN_POINT('Origin',(-2.05,4.85,0.1));
#4976=CARTESIAN_POINT('Origin',(-0.0999999999999991,5.05,0.1));
#4977=CARTESIAN_POINT('Origin',(-0.0999999999999991,5.05,0.1));
#4978=CARTESIAN_POINT('Origin',(0.100000000000001,5.05,0.1));
#4979=CARTESIAN_POINT('Origin',(0.100000000000001,6.65,0.1));
#4980=CARTESIAN_POINT('Origin',(0.100000000000001,6.55,0.1));
#4981=CARTESIAN_POINT('Origin',(0.,-6.55,0.1));
#4982=CARTESIAN_POINT('Origin',(2.05,-6.55,0.1));
#4983=CARTESIAN_POINT('Origin',(2.05,-6.55,0.));
#4984=CARTESIAN_POINT('Origin',(2.05,-6.55,0.1));
#4985=CARTESIAN_POINT('Origin',(2.05,-4.85,5.));
#4986=CARTESIAN_POINT('Origin',(2.05,-4.85,4.9));
#4987=CARTESIAN_POINT('Origin',(0.,-4.85,4.9));
#4988=CARTESIAN_POINT('Origin',(2.05,-4.85,4.9));
#4989=CARTESIAN_POINT('Origin',(-2.05,0.,4.9));
#4990=CARTESIAN_POINT('Origin',(-2.05,4.85,4.9));
#4991=CARTESIAN_POINT('Origin',(-2.05,4.85,5.));
#4992=CARTESIAN_POINT('Origin',(-2.05,4.85,4.9));
#4993=CARTESIAN_POINT('Origin',(-0.0999999999999991,5.05,3.53743125486114E-16));
#4994=CARTESIAN_POINT('Origin',(-0.0999999999999987,5.05,3.9));
#4995=CARTESIAN_POINT('Origin',(0.100000000000001,6.55,0.1));
#4996=CARTESIAN_POINT('Origin',(0.100000000000001,6.55,0.1));
#4997=CARTESIAN_POINT('Origin',(0.100000000000001,6.55,0.1));
#4998=CARTESIAN_POINT('Origin',(2.05,-6.55,0.1));
#4999=CARTESIAN_POINT('Origin',(2.05,-6.55,0.1));
#5000=CARTESIAN_POINT('Origin',(2.05,-4.85,4.9));
#5001=CARTESIAN_POINT('Origin',(2.05,-4.85,4.9));
#5002=CARTESIAN_POINT('Origin',(-2.05,4.85,4.9));
#5003=CARTESIAN_POINT('Origin',(-2.05,4.85,4.9));
#5004=CARTESIAN_POINT('Origin',(0.100000000000001,5.05,3.9));
#5005=CARTESIAN_POINT('Origin',(0.100000000000001,5.05,4.1));
#5006=CARTESIAN_POINT('Origin',(0.100000000000001,5.05,3.9));
#5007=CARTESIAN_POINT('Origin',(0.100000000000001,6.65,3.9));
#5008=CARTESIAN_POINT('Origin',(0.100000000000001,6.55,3.9));
#5009=CARTESIAN_POINT('Origin',(0.100000000000001,6.55,-1.08420217248551E-17));
#5010=CARTESIAN_POINT('Origin',(0.100000000000001,6.55,3.9));
#5011=CARTESIAN_POINT('Origin',(0.,6.55,0.1));
#5012=CARTESIAN_POINT('Origin',(2.05,6.55,0.1));
#5013=CARTESIAN_POINT('Origin',(2.05,-4.95,0.1));
#5014=CARTESIAN_POINT('Origin',(2.05,6.55,0.1));
#5015=CARTESIAN_POINT('Origin',(2.05,0.,4.9));
#5016=CARTESIAN_POINT('Origin',(2.05,4.85,4.9));
#5017=CARTESIAN_POINT('Origin',(0.,4.85,4.9));
#5018=CARTESIAN_POINT('Origin',(2.05,4.85,4.9));
#5019=CARTESIAN_POINT('Origin',(2.15,5.05,4.1));
#5020=CARTESIAN_POINT('Origin',(0.479583654340198,5.05,4.1));
#5021=CARTESIAN_POINT('Origin',(0.100000000000001,6.55,3.9));
#5022=CARTESIAN_POINT('Origin',(0.100000000000001,6.55,3.9));
#5023=CARTESIAN_POINT('Origin',(2.05,6.55,0.1));
#5024=CARTESIAN_POINT('Origin',(2.05,6.55,0.1));
#5025=CARTESIAN_POINT('Origin',(2.05,4.85,4.9));
#5026=CARTESIAN_POINT('Origin',(2.05,4.85,4.9));
#5027=CARTESIAN_POINT('Ctrl Pts',(0.479583654340198,5.0500012126299,4.00000000000735));
#5028=CARTESIAN_POINT('Ctrl Pts',(0.479583654340198,4.95,3.99999878736275));
#5029=CARTESIAN_POINT('Ctrl Pts',(0.479583654340198,4.95,4.1));
#5030=CARTESIAN_POINT('Ctrl Pts',(0.513091377619326,5.02986528723488,3.99999975188166));
#5031=CARTESIAN_POINT('Ctrl Pts',(0.510520960385104,4.95,4.01858953351152));
#5032=CARTESIAN_POINT('Ctrl Pts',(0.525331036078567,4.95,4.09999969991406));
#5033=CARTESIAN_POINT('Ctrl Pts',(0.553387082247552,5.01084998208194,3.9999996423949));
#5034=CARTESIAN_POINT('Ctrl Pts',(0.5561450995258,4.95,4.02679384293982));
#5035=CARTESIAN_POINT('Ctrl Pts',(0.570384213843488,4.95,4.09187832517778));
#5036=CARTESIAN_POINT('Ctrl Pts',(0.645272311273486,4.98332145530786,3.99999949251561));
#5037=CARTESIAN_POINT('Ctrl Pts',(0.649293538497431,4.95,4.03071965545481));
#5038=CARTESIAN_POINT('Ctrl Pts',(0.659981289871098,4.95,4.07483924876171));
#5039=CARTESIAN_POINT('Ctrl Pts',(0.697307274622152,4.97503157001216,3.99999954581769));
#5040=CARTESIAN_POINT('Ctrl Pts',(0.700528906299589,4.95,4.02835323931422));
#5041=CARTESIAN_POINT('Ctrl Pts',(0.704834716502185,4.95,4.06617407410534));
#5042=CARTESIAN_POINT('Ctrl Pts',(0.802069782375569,4.97496941686338,3.99999954471018));
#5043=CARTESIAN_POINT('Ctrl Pts',(0.798877557777458,4.95,4.02834077686848));
#5044=CARTESIAN_POINT('Ctrl Pts',(0.794631332655549,4.95,4.06611367104598));
#5045=CARTESIAN_POINT('Ctrl Pts',(0.854293662203918,4.98322234413916,3.99999949227178));
#5046=CARTESIAN_POINT('Ctrl Pts',(0.850284787031617,4.95,4.03071622944801));
#5047=CARTESIAN_POINT('Ctrl Pts',(0.839620330295063,4.95,4.0747618015392));
#5048=CARTESIAN_POINT('Ctrl Pts',(0.946429315649822,5.01076425974962,3.99999964198466));
#5049=CARTESIAN_POINT('Ctrl Pts',(0.943661590951551,4.95,4.02682502845834));
#5050=CARTESIAN_POINT('Ctrl Pts',(0.929412084787251,4.95,4.0918412584699));
#5051=CARTESIAN_POINT('Ctrl Pts',(0.986675710652981,5.02972536703678,3.99999975019104));
#5052=CARTESIAN_POINT('Ctrl Pts',(0.989285266917156,4.95,4.01870580396016));
#5053=CARTESIAN_POINT('Ctrl Pts',(0.974366125163917,4.95,4.0999996270577));
#5054=CARTESIAN_POINT('Ctrl Pts',(1.0204163456598,5.0500012126299,4.00000000000735));
#5055=CARTESIAN_POINT('Ctrl Pts',(1.0204163456598,4.95,3.99999878736275));
#5056=CARTESIAN_POINT('Ctrl Pts',(1.0204163456598,4.95,4.1));
#5057=CARTESIAN_POINT('Origin',(1.0204163456598,5.05,4.1));
#5058=CARTESIAN_POINT('Origin',(0.,6.55,3.9));
#5059=CARTESIAN_POINT('Origin',(2.05,6.55,3.9));
#5060=CARTESIAN_POINT('Origin',(2.05,6.55,0.));
#5061=CARTESIAN_POINT('Origin',(2.05,6.55,3.9));
#5062=CARTESIAN_POINT('Origin',(2.05,4.85,5.));
#5063=CARTESIAN_POINT('Origin',(2.05,4.85,4.1));
#5064=CARTESIAN_POINT('Origin',(2.15,5.05,4.1));
#5065=CARTESIAN_POINT('Origin',(2.05,5.05,4.1));
#5066=CARTESIAN_POINT('Origin',(2.05,6.55,3.9));
#5067=CARTESIAN_POINT('Origin',(2.05,6.55,3.9));
#5068=CARTESIAN_POINT('Origin',(2.05,5.05,4.1));
#5069=CARTESIAN_POINT('Origin',(2.05,5.05,3.9));
#5070=CARTESIAN_POINT('Origin',(2.05,-4.95,3.9));
#5071=UNCERTAINTY_MEASURE_WITH_UNIT(LENGTH_MEASURE(0.01),#5075,
'DISTANCE_ACCURACY_VALUE',
'Maximum model space distance between geometric entities at asserted c
onnectivities');
#5072=UNCERTAINTY_MEASURE_WITH_UNIT(LENGTH_MEASURE(0.01),#5075,
'DISTANCE_ACCURACY_VALUE',
'Maximum model space distance between geometric entities at asserted c
onnectivities');
#5073=(
GEOMETRIC_REPRESENTATION_CONTEXT(3)
GLOBAL_UNCERTAINTY_ASSIGNED_CONTEXT((#5071))
GLOBAL_UNIT_ASSIGNED_CONTEXT((#5075,#5077,#5078))
REPRESENTATION_CONTEXT('','3D')
);
#5074=(
GEOMETRIC_REPRESENTATION_CONTEXT(3)
GLOBAL_UNCERTAINTY_ASSIGNED_CONTEXT((#5072))
GLOBAL_UNIT_ASSIGNED_CONTEXT((#5075,#5077,#5078))
REPRESENTATION_CONTEXT('','3D')
);
#5075=(
LENGTH_UNIT()
NAMED_UNIT(*)
SI_UNIT(.MILLI.,.METRE.)
);
#5076=(
LENGTH_UNIT()
NAMED_UNIT(*)
SI_UNIT($,.METRE.)
);
#5077=(
NAMED_UNIT(*)
PLANE_ANGLE_UNIT()
SI_UNIT($,.RADIAN.)
);
#5078=(
NAMED_UNIT(*)
SI_UNIT($,.STERADIAN.)
SOLID_ANGLE_UNIT()
);
#5079=SHAPE_DEFINITION_REPRESENTATION(#5080,#5081);
#5080=PRODUCT_DEFINITION_SHAPE('',$,#5083);
#5081=SHAPE_REPRESENTATION('',(#2772),#5073);
#5082=PRODUCT_DEFINITION_CONTEXT('part definition',#5087,'design');
#5083=PRODUCT_DEFINITION('User Library-XT30PW-F','# XT30PW F v3',#5084,
#5082);
#5084=PRODUCT_DEFINITION_FORMATION('',$,#5089);
#5085=PRODUCT_RELATED_PRODUCT_CATEGORY('# XT30PW F v3','# XT30PW F v3',
(#5089));
#5086=APPLICATION_PROTOCOL_DEFINITION('international standard',
'automotive_design',2009,#5087);
#5087=APPLICATION_CONTEXT(
'Core Data for Automotive Mechanical Design Process');
#5088=PRODUCT_CONTEXT('part definition',#5087,'mechanical');
#5089=PRODUCT('User Library-XT30PW-F','# XT30PW F v3','STEP AP214',(#5088));
#5090=PRESENTATION_STYLE_ASSIGNMENT((#5095));
#5091=PRESENTATION_STYLE_ASSIGNMENT((#5096));
#5092=PRESENTATION_STYLE_ASSIGNMENT((#5097));
#5093=PRESENTATION_STYLE_ASSIGNMENT((#5098));
#5094=PRESENTATION_STYLE_ASSIGNMENT((#5099));
#5095=SURFACE_STYLE_USAGE(.BOTH.,#5100);
#5096=SURFACE_STYLE_USAGE(.BOTH.,#5101);
#5097=SURFACE_STYLE_USAGE(.BOTH.,#5102);
#5098=SURFACE_STYLE_USAGE(.BOTH.,#5103);
#5099=SURFACE_STYLE_USAGE(.BOTH.,#5104);
#5100=SURFACE_SIDE_STYLE('',(#5105));
#5101=SURFACE_SIDE_STYLE('',(#5106));
#5102=SURFACE_SIDE_STYLE('',(#5107));
#5103=SURFACE_SIDE_STYLE('',(#5108));
#5104=SURFACE_SIDE_STYLE('',(#5109));
#5105=SURFACE_STYLE_FILL_AREA(#5110);
#5106=SURFACE_STYLE_FILL_AREA(#5111);
#5107=SURFACE_STYLE_FILL_AREA(#5112);
#5108=SURFACE_STYLE_FILL_AREA(#5113);
#5109=SURFACE_STYLE_FILL_AREA(#5114);
#5110=FILL_AREA_STYLE('\X2\92FC\X0\ - \X2\30B530C630F3\X0\',(#5115));
#5111=FILL_AREA_STYLE('Opaque(192,192,192)',(#5116));
#5112=FILL_AREA_STYLE('Opaque(204,170,82)',(#5117));
#5113=FILL_AREA_STYLE('Opaque(204,204,204)',(#5118));
#5114=FILL_AREA_STYLE('Opaque(255,233,0)',(#5119));
#5115=FILL_AREA_STYLE_COLOUR('\X2\92FC\X0\ - \X2\30B530C630F3\X0\',#5120);
#5116=FILL_AREA_STYLE_COLOUR('Opaque(192,192,192)',#5121);
#5117=FILL_AREA_STYLE_COLOUR('Opaque(204,170,82)',#5122);
#5118=FILL_AREA_STYLE_COLOUR('Opaque(204,204,204)',#5123);
#5119=FILL_AREA_STYLE_COLOUR('Opaque(255,233,0)',#5124);
#5120=COLOUR_RGB('\X2\92FC\X0\ - \X2\30B530C630F3\X0\',0.627450980392157,
0.627450980392157,0.627450980392157);
#5121=COLOUR_RGB('Opaque(192,192,192)',0.752941176470588,0.752941176470588,
0.752941176470588);
#5122=COLOUR_RGB('Opaque(204,170,82)',0.8,0.666666666666667,0.32156862745098);
#5123=COLOUR_RGB('Opaque(204,204,204)',0.8,0.8,0.8);
#5124=COLOUR_RGB('Opaque(255,233,0)',1.,0.901960784313726,0.);
ENDSEC;
END-ISO-10303-21;
